{"counts":{"enqueued":137141,"completed":137141,"dispatch_cycles":37332,"warmup_runs":2,"B1":3789,"B2":0,"B4":33543,"K2_padded_to_B4":274,"K3_padded_to_B4":272,"K4":32997,"backlog_gt_bmax":32104,"dispatcher_exceptions":0},"dispatcher_cpu_pct":45.602724890818173,"dispatcher_cpu_us":358464910.39600003,"dispatcher_wall_us":786060287.52499998,"dispatcher_stream_util_pct":44.69663195555249,"dispatcher_stream_run_us":351342473.66380692,"timers":{"gather_wait_us":{"n":137141,"p50_us":154607.209,"p95_us":234183.307,"p99_us":255384.21900000001,"p95_minus_p50_us":79576.097999999998,"p99_minus_p50_us":100777.01000000001,"mean_us":154137.81958265736,"max_us":466594.64600000001},"service_wait_us":{"n":137141,"p50_us":351.21699999999998,"p95_us":667.54399999999998,"p99_us":9030.3389999999999,"p95_minus_p50_us":316.327,"p99_minus_p50_us":8679.1219999999994,"mean_us":519.73965661618308,"max_us":14977.050999999999},"cuda_run_us":{"n":137141,"p50_us":9219.0723419189453,"p95_us":11888.640403747559,"p99_us":13578.240394592285,"p95_minus_p50_us":2669.5680618286133,"p99_minus_p50_us":4359.1680526733398,"mean_us":9570.872677445961,"max_us":306911.22436523438},"output_sync_us":{"n":0,"p50_us":0,"p95_us":0,"p99_us":0,"p95_minus_p50_us":0,"p99_minus_p50_us":0,"mean_us":0,"max_us":0},"worker_blocked_us":{"n":0,"p50_us":0,"p95_us":0,"p99_us":0,"p95_minus_p50_us":0,"p99_minus_p50_us":0,"mean_us":0,"max_us":0},"window_wakeup_jitter_us":{"n":546,"p50_us":82.616,"p95_us":100.593,"p99_us":110.15300000000001,"p95_minus_p50_us":17.977000000000004,"p99_minus_p50_us":27.537000000000006,"mean_us":82.50505311355306,"max_us":134.434}},"queue_depth":{"n":37332,"p50":16,"p95":16,"p99":16,"p95_minus_p50":0,"p99_minus_p50":0,"mean":13.882647594556948,"max":16},"per_stream_fairness_spread_us":{"n":0,"p50_us":0,"p95_us":0,"p99_us":0,"p95_minus_p50_us":0,"p99_minus_p50_us":0,"mean_us":0,"max_us":0}}