{
  "url": "ws://127.0.0.1:8080",
  "levels": [
    48
  ],
  "procs": 32,
  "window_s": 45.0,
  "summaries": {
    "48": {
      "n": 48,
      "procs": 32,
      "window_s": 45.0,
      "completed": 245,
      "errors": 0,
      "err_msg": null,
      "ttfs_p50": 14.467980003246339,
      "ttfs_p95": 19.244463001086842,
      "ttfs_p99": 28.450624999095453,
      "ttfs_max": 33.28448400134221,
      "ttfs_n": 245,
      "lag_p50": 34.52357100104564,
      "lag_p95": 39.31912799816928,
      "lag_p99": 47.10980500021833,
      "maxjit_ms": 0.0,
      "tag_leaks": 0,
      "keepup": true
    }
  },
  "knee": 48
}