{"counts":{"enqueued":151677,"completed":151677,"dispatch_cycles":41977,"warmup_runs":2,"B1":5037,"B2":0,"B4":36940,"K2_padded_to_B4":324,"K3_padded_to_B4":472,"K4":36144,"backlog_gt_bmax":32997,"dispatcher_exceptions":0},"dispatcher_cpu_pct":46.406655550385395,"dispatcher_cpu_us":400480135.12400001,"dispatcher_wall_us":862979954.86699998,"dispatcher_stream_util_pct":45.446418197944794,"dispatcher_stream_run_us":392193479.25329208,"timers":{"gather_wait_us":{"n":151677,"p50_us":151490.41200000001,"p95_us":232726.489,"p99_us":253829.239,"p95_minus_p50_us":81236.07699999999,"p99_minus_p50_us":102338.82699999999,"mean_us":139855.20284075543,"max_us":466594.64600000001},"service_wait_us":{"n":151677,"p50_us":352.62700000000001,"p95_us":1478.501,"p99_us":10246.483,"p95_minus_p50_us":1125.874,"p99_minus_p50_us":9893.8559999999998,"mean_us":640.15362379266833,"max_us":14977.050999999999},"cuda_run_us":{"n":151677,"p50_us":9195.4555511474609,"p95_us":11840.512275695801,"p99_us":13519.871711730957,"p95_minus_p50_us":2645.0567245483398,"p99_minus_p50_us":4324.4161605834961,"mean_us":9522.8434819201921,"max_us":306911.22436523438},"output_sync_us":{"n":0,"p50_us":0,"p95_us":0,"p99_us":0,"p95_minus_p50_us":0,"p99_minus_p50_us":0,"mean_us":0,"max_us":0},"worker_blocked_us":{"n":0,"p50_us":0,"p95_us":0,"p99_us":0,"p95_minus_p50_us":0,"p99_minus_p50_us":0,"mean_us":0,"max_us":0},"window_wakeup_jitter_us":{"n":796,"p50_us":76.724999999999994,"p95_us":99.941999999999993,"p99_us":108.31399999999999,"p95_minus_p50_us":23.216999999999999,"p99_minus_p50_us":31.588999999999999,"mean_us":80.89251381909537,"max_us":141.751}},"queue_depth":{"n":41977,"p50":16,"p95":16,"p99":16,"p95_minus_p50":0,"p99_minus_p50":0,"mean":12.679514972484933,"max":16},"per_stream_fairness_spread_us":{"n":0,"p50_us":0,"p95_us":0,"p99_us":0,"p95_minus_p50_us":0,"p99_minus_p50_us":0,"mean_us":0,"max_us":0}}