{
  "N": 48,
  "completed": 245,
  "errors": 0,
  "ttfs_p50": 14.467980003246339,
  "ttfs_p95": 19.244463001086842,
  "ttfs_p99": 28.450624999095453,
  "ttfs_max": 33.28448400134221,
  "lag_p50": 34.52357100104564,
  "lag_p95": 39.31912799816928,
  "lag_p99": 47.10980500021833,
  "maxjit_ms": 0.0,
  "dispatcher_cpu_pct": 46.406655550385395,
  "dispatcher_stream_util_pct": 45.446418197944794,
  "dispatcher_cpu_pct_win": 54.622213251640844,
  "dispatcher_stream_util_pct_win": 53.108661284055664,
  "queue_depth_p50": 16,
  "queue_depth_p95": 16,
  "queue_depth_p99": 16,
  "backlog_gt_bmax_delta": 893,
  "dispatcher_exceptions_delta": 0,
  "dispatch_cycles_delta": 4645,
  "B1_delta": 1248,
  "B4_delta": 3397,
  "future_wait_p50": 3109.4985090000005,
  "future_wait_p95": 4988.247505999999,
  "future_wait_p99": 5312.658204999998,
  "enqueue_wait_p50": 6478.197172,
  "enqueue_wait_p95": 14235.13251,
  "enqueue_wait_p99": 17423.635483,
  "stats_samples": 2048
}