{"enabled":true,"window_size":2048,"samples":2048,"since_unix":1780253105.8745105,"until_unix":1780253562.9899371,"emitted_in_window":2048,"suppressed_in_window":0,"lifetime_emitted":2522,"lifetime_suppressed":2522,"metrics":{"vad_stop_to_sent_ms":{"p50":15.661954879760742,"p90":18.148183822631836,"p95":19.156694412231445,"p99":21.869897842407227,"max":27.943849563598633,"count":2048},"fork_flush_wall_ms":{"p50":15.661239624023438,"p90":18.14723014831543,"p95":19.155740737915039,"p99":21.868705749511719,"max":27.942895889282227,"count":2048},"vad_stop_recv_to_process_ms":{"p50":null,"p90":null,"p95":null,"p99":null,"max":null,"count":0},"lock_wait_ms":{"p50":0.016641,"p90":0.026800999999999998,"p95":0.032990999999999999,"p99":0.051660999999999999,"max":0.12957299999999999,"count":2048},"enc_first_lock_wait_ms":{"p50":22.244001000000001,"p90":753.49013300000001,"p95":1155.145796,"p99":1731.469703,"max":2297.3650299999999,"count":2048},"lane_queue_wait_ms":{"p50":1.0134329999999996,"p90":1.5342100000000001,"p95":1.8250589999999998,"p99":2.3403139999999998,"max":3.2422499999999994,"count":2048},"preproc_ms":{"p50":40.566715000000009,"p90":55.541168000000006,"p95":60.223795999999986,"p99":63.281272000000001,"max":73.875260999999995,"count":2048},"scheduler_enqueue_wait_ms":{"p50":6478.1971720000001,"p90":11921.203561,"p95":14235.132509999999,"p99":17423.635482999998,"max":19367.697646000008,"count":2048},"scheduler_future_wait_ms":{"p50":3109.4985090000005,"p90":4632.1496269999971,"p95":4988.2475059999988,"p99":5312.6582049999979,"max":5446.6568639999987,"count":2048},"decode_ms":{"p50":105.47459000000001,"p90":134.00924799999999,"p95":138.255493,"p99":142.96932199999992,"max":150.57764699999998,"count":2048},"vad_stop_to_finalize_start_ms":{"p50":0.00095367431640625,"p90":0.001430511474609375,"p95":0.001430511474609375,"p99":0.0019073486328125,"max":0.017404556274414062,"count":2048}},"active_sessions_at_emit":{"p50":64,"p90":96,"p95":96,"p99":96,"max":96,"count":2048},"admission":{"enabled":true,"attempted":2522,"admitted":2522,"rejected":0,"max_backlog":0,"max_ready_age_ms":0,"signal":{"queued_events":0,"ready_count":0,"backlog_count":0,"oldest_ready_age_ms":0,"oldest_ready_session_id":null}}}