{
  "N": 56,
  "completed": 280,
  "errors": 0,
  "ttfs_p50": 15.418629998748656,
  "ttfs_p95": 22.529786001541652,
  "ttfs_p99": 32.454134998261,
  "ttfs_max": 395.22753699930036,
  "lag_p50": 35.41375999702723,
  "lag_p95": 42.60864000025322,
  "lag_p99": 52.790043999266345,
  "maxjit_ms": 0.0,
  "dispatcher_cpu_pct": 48.985654527542,
  "dispatcher_stream_util_pct": 47.92489989810342,
  "dispatcher_cpu_pct_win": 57.76731910636522,
  "dispatcher_stream_util_pct_win": 56.28498373992439,
  "queue_depth_p50": 16,
  "queue_depth_p95": 16,
  "queue_depth_p99": 16,
  "backlog_gt_bmax_delta": 2051,
  "dispatcher_exceptions_delta": 0,
  "dispatch_cycles_delta": 4900,
  "B1_delta": 797,
  "B4_delta": 4103,
  "future_wait_p50": 1684.4213089999998,
  "future_wait_p95": 4871.870113,
  "future_wait_p99": 5293.920247,
  "enqueue_wait_p50": 2566.108061000001,
  "enqueue_wait_p95": 10229.026878,
  "enqueue_wait_p99": 11780.835500000008,
  "stats_samples": 2048
}