{
  "N": 56,
  "completed": 280,
  "errors": 0,
  "ttfs_p50": 15.187404002062976,
  "ttfs_p95": 23.247042001457885,
  "ttfs_p99": 33.04175599987502,
  "ttfs_max": 185.56270399858477,
  "lag_p50": 35.143617998983245,
  "lag_p95": 43.59561300225323,
  "lag_p99": 52.799452998442575,
  "maxjit_ms": 0.0,
  "dispatcher_cpu_pct": 48.237792742945125,
  "dispatcher_stream_util_pct": 47.21294066017024,
  "dispatcher_cpu_pct_win": 73.57151634148435,
  "dispatcher_stream_util_pct_win": 71.65272156269845,
  "queue_depth_p50": 16,
  "queue_depth_p95": 16,
  "queue_depth_p99": 16,
  "backlog_gt_bmax_delta": 2144,
  "dispatcher_exceptions_delta": 0,
  "dispatch_cycles_delta": 4896,
  "B1_delta": 793,
  "B4_delta": 4103,
  "future_wait_p50": 2403.792534000001,
  "future_wait_p95": 4948.975017999999,
  "future_wait_p99": 5297.541129999999,
  "enqueue_wait_p50": 4651.00656,
  "enqueue_wait_p95": 13490.541347000002,
  "enqueue_wait_p99": 17423.635483,
  "stats_samples": 2048
}