{
  "url": "ws://127.0.0.1:8080",
  "levels": [
    56
  ],
  "procs": 32,
  "window_s": 45.0,
  "summaries": {
    "56": {
      "n": 56,
      "procs": 32,
      "window_s": 45.0,
      "completed": 280,
      "errors": 0,
      "err_msg": null,
      "ttfs_p50": 15.16288600032567,
      "ttfs_p95": 23.680295002122875,
      "ttfs_p99": 36.981200999434805,
      "ttfs_max": 420.9949050018622,
      "ttfs_n": 280,
      "lag_p50": 35.10654299680027,
      "lag_p95": 44.55519099792582,
      "lag_p99": 56.328676000703126,
      "maxjit_ms": 0.0,
      "tag_leaks": 0,
      "keepup": true
    }
  },
  "knee": 56
}