{
  "url": "ws://127.0.0.1:8080",
  "levels": [
    56
  ],
  "procs": 32,
  "window_s": 45.0,
  "summaries": {
    "56": {
      "n": 56,
      "procs": 32,
      "window_s": 45.0,
      "completed": 280,
      "errors": 0,
      "err_msg": null,
      "ttfs_p50": 15.187404002062976,
      "ttfs_p95": 23.247042001457885,
      "ttfs_p99": 33.04175599987502,
      "ttfs_max": 185.56270399858477,
      "ttfs_n": 280,
      "lag_p50": 35.143617998983245,
      "lag_p95": 43.59561300225323,
      "lag_p99": 52.799452998442575,
      "maxjit_ms": 0.0,
      "tag_leaks": 0,
      "keepup": true
    }
  },
  "knee": 56
}