{"enabled":true,"window_size":2048,"samples":2048,"since_unix":1780253279.361217,"until_unix":1780253766.5661817,"emitted_in_window":2048,"suppressed_in_window":0,"lifetime_emitted":3362,"lifetime_suppressed":3362,"metrics":{"vad_stop_to_sent_ms":{"p50":15.280723571777344,"p90":17.841577529907227,"p95":19.134521484375,"p99":22.732257843017578,"max":26.823759078979492,"count":2048},"fork_flush_wall_ms":{"p50":15.279531478881836,"p90":17.840862274169922,"p95":19.134044647216797,"p99":22.731542587280273,"max":26.823282241821289,"count":2048},"vad_stop_recv_to_process_ms":{"p50":null,"p90":null,"p95":null,"p99":null,"max":null,"count":0},"lock_wait_ms":{"p50":0.020070999999999999,"p90":0.032890999999999997,"p95":0.036319999999999998,"p99":0.052401000000000003,"max":0.095061999999999994,"count":2048},"enc_first_lock_wait_ms":{"p50":22.762247999999996,"p90":587.09941000000003,"p95":919.51709199999993,"p99":1266.656025,"max":1471.572101,"count":2048},"lane_queue_wait_ms":{"p50":1.1773260000000001,"p90":1.9864379999999999,"p95":2.2020869999999997,"p99":2.5483319999999994,"max":3.3457919999999994,"count":2048},"preproc_ms":{"p50":40.481152000000009,"p90":54.267482000000001,"p95":58.923499000000007,"p99":63.566399000000018,"max":73.875260999999995,"count":2048},"scheduler_enqueue_wait_ms":{"p50":145.72599400000001,"p90":8484.5149070000025,"p95":9196.846733999997,"p99":10705.997563000001,"max":10916.205128999994,"count":2048},"scheduler_future_wait_ms":{"p50":1505.0163280000002,"p90":4213.273717,"p95":4660.4986439999993,"p99":5279.0855450000008,"max":5446.6568639999987,"count":2048},"decode_ms":{"p50":101.41853899999998,"p90":131.94243699999993,"p95":136.26979599999993,"p99":141.69236599999999,"max":150.57764699999998,"count":2048},"vad_stop_to_finalize_start_ms":{"p50":0.00095367431640625,"p90":0.001430511474609375,"p95":0.001430511474609375,"p99":0.0019073486328125,"max":0.017881393432617188,"count":2048}},"active_sessions_at_emit":{"p50":56,"p90":64,"p95":64,"p99":72,"max":72,"count":2048},"admission":{"enabled":true,"attempted":3362,"admitted":3362,"rejected":0,"max_backlog":0,"max_ready_age_ms":0,"signal":{"queued_events":0,"ready_count":0,"backlog_count":0,"oldest_ready_age_ms":0,"oldest_ready_session_id":null}}}