{"counts":{"enqueued":168674,"completed":168674,"dispatch_cycles":46873,"warmup_runs":2,"B1":5830,"B2":0,"B4":41043,"K2_padded_to_B4":370,"K3_padded_to_B4":588,"K4":40085,"backlog_gt_bmax":35141,"dispatcher_exceptions":0},"dispatcher_cpu_pct":48.237792742945125,"dispatcher_cpu_us":446371637.01800001,"dispatcher_wall_us":925356679.14300001,"dispatcher_stream_util_pct":47.21294066017024,"dispatcher_stream_run_us":436888099.81870651,"timers":{"gather_wait_us":{"n":168674,"p50_us":147379.03,"p95_us":231286.08100000001,"p99_us":252132.63200000001,"p95_minus_p50_us":83907.051000000007,"p99_minus_p50_us":104753.60200000001,"mean_us":126730.77937336081,"max_us":466594.64600000001},"service_wait_us":{"n":168674,"p50_us":352.65800000000002,"p95_us":2254.7869999999998,"p99_us":10252.889999999999,"p95_minus_p50_us":1902.1289999999999,"p99_minus_p50_us":9900.232,"mean_us":690.61074033342527,"max_us":16041.813},"cuda_run_us":{"n":168674,"p50_us":9184.2555999755859,"p95_us":11823.23169708252,"p99_us":13529.088020324707,"p95_minus_p50_us":2638.9760971069336,"p99_minus_p50_us":4344.8324203491211,"mean_us":9504.8549292808075,"max_us":306911.22436523438},"output_sync_us":{"n":0,"p50_us":0,"p95_us":0,"p99_us":0,"p95_minus_p50_us":0,"p99_minus_p50_us":0,"mean_us":0,"max_us":0},"worker_blocked_us":{"n":0,"p50_us":0,"p95_us":0,"p99_us":0,"p95_minus_p50_us":0,"p99_minus_p50_us":0,"mean_us":0,"max_us":0},"window_wakeup_jitter_us":{"n":958,"p50_us":76.010000000000005,"p95_us":99.863,"p99_us":108.31399999999999,"p95_minus_p50_us":23.852999999999994,"p99_minus_p50_us":32.303999999999988,"mean_us":80.360902922755685,"max_us":141.751}},"queue_depth":{"n":46873,"p50":16,"p95":16,"p99":16,"p95_minus_p50":0,"p99_minus_p50":0,"mean":11.840121178503615,"max":16},"per_stream_fairness_spread_us":{"n":0,"p50_us":0,"p95_us":0,"p99_us":0,"p95_minus_p50_us":0,"p99_minus_p50_us":0,"mean_us":0,"max_us":0}}