{"counts":{"enqueued":202668,"completed":202668,"dispatch_cycles":56659,"warmup_runs":2,"B1":7425,"B2":0,"B4":49234,"K2_padded_to_B4":438,"K3_padded_to_B4":817,"K4":47979,"backlog_gt_bmax":39264,"dispatcher_exceptions":0},"dispatcher_cpu_pct":50.412517496083957,"dispatcher_cpu_us":537677797.13199997,"dispatcher_wall_us":1066556132.956,"dispatcher_stream_util_pct":49.303179345451113,"dispatcher_stream_run_us":525846083.05120468,"timers":{"gather_wait_us":{"n":202668,"p50_us":142268.67600000001,"p95_us":227704.81700000001,"p99_us":249889.78599999999,"p95_minus_p50_us":85436.141000000003,"p99_minus_p50_us":107621.10999999999,"mean_us":106956.17300865508,"max_us":466594.64600000001},"service_wait_us":{"n":202668,"p50_us":352.40699999999998,"p95_us":3350.02,"p99_us":10258.759,"p95_minus_p50_us":2997.6129999999998,"p99_minus_p50_us":9906.3520000000008,"mean_us":770.20969598555155,"max_us":16041.813},"cuda_run_us":{"n":202668,"p50_us":9159.6803665161133,"p95_us":11787.263870239258,"p99_us":13517.824172973633,"p95_minus_p50_us":2627.5835037231445,"p99_minus_p50_us":4358.1438064575195,"mean_us":9470.4368407418497,"max_us":306911.22436523438},"output_sync_us":{"n":0,"p50_us":0,"p95_us":0,"p99_us":0,"p95_minus_p50_us":0,"p99_minus_p50_us":0,"mean_us":0,"max_us":0},"worker_blocked_us":{"n":0,"p50_us":0,"p95_us":0,"p99_us":0,"p95_minus_p50_us":0,"p99_minus_p50_us":0,"mean_us":0,"max_us":0},"window_wakeup_jitter_us":{"n":1255,"p50_us":75.260999999999996,"p95_us":99.543000000000006,"p99_us":110.271,"p95_minus_p50_us":24.282000000000011,"p99_minus_p50_us":35.010000000000005,"mean_us":79.792796812748946,"max_us":141.751}},"queue_depth":{"n":56659,"p50":16,"p95":16,"p99":16,"p95_minus_p50":0,"p99_minus_p50":0,"mean":10.566158950916888,"max":16},"per_stream_fairness_spread_us":{"n":0,"p50_us":0,"p95_us":0,"p99_us":0,"p95_minus_p50_us":0,"p99_minus_p50_us":0,"mean_us":0,"max_us":0}}