{"enabled":true,"window_size":2048,"samples":2048,"since_unix":1780253235.8260467,"until_unix":1780253704.170372,"emitted_in_window":2048,"suppressed_in_window":0,"lifetime_emitted":3082,"lifetime_suppressed":3082,"metrics":{"vad_stop_to_sent_ms":{"p50":15.451431274414062,"p90":17.98248291015625,"p95":19.147634506225586,"p99":22.30525016784668,"max":26.823759078979492,"count":2048},"fork_flush_wall_ms":{"p50":15.450239181518555,"p90":17.981290817260742,"p95":19.146442413330078,"p99":22.304296493530273,"max":26.823282241821289,"count":2048},"vad_stop_recv_to_process_ms":{"p50":null,"p90":null,"p95":null,"p99":null,"max":null,"count":0},"lock_wait_ms":{"p50":0.018960999999999999,"p90":0.030651000000000001,"p95":0.035279999999999999,"p99":0.049730000000000003,"max":0.072352,"count":2048},"enc_first_lock_wait_ms":{"p50":22.512782000000001,"p90":605.68096600000001,"p95":961.76389100000006,"p99":1328.7703410000001,"max":1728.071404,"count":2048},"lane_queue_wait_ms":{"p50":1.0990410000000002,"p90":1.9025129999999997,"p95":2.1266989999999986,"p99":2.4984380000000002,"max":3.3457919999999994,"count":2048},"preproc_ms":{"p50":40.570484000000008,"p90":55.104716999999987,"p95":59.476067999999998,"p99":63.402459999999984,"max":73.875260999999995,"count":2048},"scheduler_enqueue_wait_ms":{"p50":2566.1080610000008,"p90":9247.5287979999976,"p95":10229.026878000001,"p99":11780.835500000008,"max":13032.227438999998,"count":2048},"scheduler_future_wait_ms":{"p50":1684.4213089999998,"p90":4383.038266999999,"p95":4871.8701129999999,"p99":5293.920247,"max":5446.6568639999987,"count":2048},"decode_ms":{"p50":101.96167999999999,"p90":133.01008100000001,"p95":137.27842099999998,"p99":142.23707999999999,"max":150.57764699999998,"count":2048},"vad_stop_to_finalize_start_ms":{"p50":0.00095367431640625,"p90":0.001430511474609375,"p95":0.001430511474609375,"p99":0.0019073486328125,"max":0.017404556274414062,"count":2048}},"active_sessions_at_emit":{"p50":60,"p90":72,"p95":72,"p99":72,"max":72,"count":2048},"admission":{"enabled":true,"attempted":3082,"admitted":3082,"rejected":0,"max_backlog":0,"max_ready_age_ms":0,"signal":{"queued_events":0,"ready_count":0,"backlog_count":0,"oldest_ready_age_ms":0,"oldest_ready_session_id":null}}}