{
  "url": "ws://127.0.0.1:8080",
  "levels": [
    56
  ],
  "procs": 32,
  "window_s": 45.0,
  "summaries": {
    "56": {
      "n": 56,
      "procs": 32,
      "window_s": 45.0,
      "completed": 280,
      "errors": 0,
      "err_msg": null,
      "ttfs_p50": 15.418629998748656,
      "ttfs_p95": 22.529786001541652,
      "ttfs_p99": 32.454134998261,
      "ttfs_max": 395.22753699930036,
      "ttfs_n": 280,
      "lag_p50": 35.41375999702723,
      "lag_p95": 42.60864000025322,
      "lag_p99": 52.790043999266345,
      "maxjit_ms": 0.0,
      "tag_leaks": 0,
      "keepup": true
    }
  },
  "knee": 56
}