{
  "N": 56,
  "completed": 280,
  "errors": 0,
  "ttfs_p50": 15.16288600032567,
  "ttfs_p95": 23.680295002122875,
  "ttfs_p99": 36.981200999434805,
  "ttfs_max": 420.9949050018622,
  "lag_p50": 35.10654299680027,
  "lag_p95": 44.55519099792582,
  "lag_p99": 56.328676000703126,
  "maxjit_ms": 0.0,
  "dispatcher_cpu_pct": 50.41251749608396,
  "dispatcher_stream_util_pct": 49.30317934545111,
  "dispatcher_cpu_pct_win": 73.37610685034304,
  "dispatcher_stream_util_pct_win": 71.48487719738247,
  "queue_depth_p50": 16,
  "queue_depth_p95": 16,
  "queue_depth_p99": 16,
  "backlog_gt_bmax_delta": 2072,
  "dispatcher_exceptions_delta": 0,
  "dispatch_cycles_delta": 4886,
  "B1_delta": 798,
  "B4_delta": 4088,
  "future_wait_p50": 1505.0163280000002,
  "future_wait_p95": 4660.498643999999,
  "future_wait_p99": 5279.085545000001,
  "enqueue_wait_p50": 145.72599400000001,
  "enqueue_wait_p95": 9196.846733999997,
  "enqueue_wait_p99": 10705.997563,
  "stats_samples": 2048
}