{"enabled":true,"window_size":2048,"samples":2048,"since_unix":1780253160.7518942,"until_unix":1780253625.3649509,"emitted_in_window":2048,"suppressed_in_window":0,"lifetime_emitted":2802,"lifetime_suppressed":2802,"metrics":{"vad_stop_to_sent_ms":{"p50":15.594482421875,"p90":17.979145050048828,"p95":19.130468368530273,"p99":21.959304809570312,"max":24.525880813598633,"count":2048},"fork_flush_wall_ms":{"p50":15.593051910400391,"p90":17.97795295715332,"p95":19.129514694213867,"p99":21.958589553833008,"max":24.52540397644043,"count":2048},"vad_stop_recv_to_process_ms":{"p50":null,"p90":null,"p95":null,"p99":null,"max":null,"count":0},"lock_wait_ms":{"p50":0.018010999999999999,"p90":0.028951000000000001,"p95":0.034390999999999998,"p99":0.048791000000000001,"max":0.072352,"count":2048},"enc_first_lock_wait_ms":{"p50":22.073173999999998,"p90":664.44331200000011,"p95":1007.26256,"p99":1416.071807,"max":2193.107771,"count":2048},"lane_queue_wait_ms":{"p50":1.057922,"p90":1.7640440000000002,"p95":2.0144609999999994,"p99":2.4283929999999998,"max":3.3457919999999994,"count":2048},"preproc_ms":{"p50":40.703092999999988,"p90":55.522626999999993,"p95":60.120507000000003,"p99":63.367624999999997,"max":73.875260999999995,"count":2048},"scheduler_enqueue_wait_ms":{"p50":4651.0065599999998,"p90":10711.516249,"p95":13490.541347000002,"p99":17423.635482999998,"max":19367.697646000008,"count":2048},"scheduler_future_wait_ms":{"p50":2403.7925340000011,"p90":4474.5814009999995,"p95":4948.9750179999992,"p99":5297.5411299999987,"max":5446.6568639999987,"count":2048},"decode_ms":{"p50":103.46015500000003,"p90":133.90868699999996,"p95":138.261877,"p99":142.81234199999994,"max":150.57764699999998,"count":2048},"vad_stop_to_finalize_start_ms":{"p50":0.00095367431640625,"p90":0.001430511474609375,"p95":0.001430511474609375,"p99":0.0019073486328125,"max":0.017404556274414062,"count":2048}},"active_sessions_at_emit":{"p50":64,"p90":96,"p95":96,"p99":96,"max":96,"count":2048},"admission":{"enabled":true,"attempted":2802,"admitted":2802,"rejected":0,"max_backlog":0,"max_ready_age_ms":0,"signal":{"queued_events":0,"ready_count":0,"backlog_count":0,"oldest_ready_age_ms":0,"oldest_ready_session_id":null}}}