{"counts":{"enqueued":185671,"completed":185671,"dispatch_cycles":51773,"warmup_runs":2,"B1":6627,"B2":0,"B4":45146,"K2_padded_to_B4":414,"K3_padded_to_B4":712,"K4":44020,"backlog_gt_bmax":37192,"dispatcher_exceptions":0},"dispatcher_cpu_pct":48.985654527542003,"dispatcher_cpu_us":491895161.01999998,"dispatcher_wall_us":1004161658.682,"dispatcher_stream_util_pct":47.924899898103419,"dispatcher_stream_run_us":481243469.73848343,"timers":{"gather_wait_us":{"n":185671,"p50_us":144699.98499999999,"p95_us":229700.21900000001,"p99_us":250793.954,"p95_minus_p50_us":85000.234000000026,"p99_minus_p50_us":106093.96900000001,"mean_us":115936.96597284015,"max_us":466594.64600000001},"service_wait_us":{"n":185671,"p50_us":352.49700000000001,"p95_us":2859.748,"p99_us":10255.964,"p95_minus_p50_us":2507.2510000000002,"p99_minus_p50_us":9903.4670000000006,"mean_us":734.10890099154324,"max_us":16041.813},"cuda_run_us":{"n":185671,"p50_us":9168.8957214355469,"p95_us":11805.695533752441,"p99_us":13532.159805297852,"p95_minus_p50_us":2636.7998123168945,"p99_minus_p50_us":4363.2640838623047,"mean_us":9482.297679806039,"max_us":306911.22436523438},"output_sync_us":{"n":0,"p50_us":0,"p95_us":0,"p99_us":0,"p95_minus_p50_us":0,"p99_minus_p50_us":0,"mean_us":0,"max_us":0},"worker_blocked_us":{"n":0,"p50_us":0,"p95_us":0,"p99_us":0,"p95_minus_p50_us":0,"p99_minus_p50_us":0,"mean_us":0,"max_us":0},"window_wakeup_jitter_us":{"n":1126,"p50_us":75.260999999999996,"p95_us":99.492999999999995,"p99_us":108.20999999999999,"p95_minus_p50_us":24.231999999999999,"p99_minus_p50_us":32.948999999999998,"mean_us":79.718404085257475,"max_us":141.751}},"queue_depth":{"n":51773,"p50":16,"p95":16,"p99":16,"p95_minus_p50":0,"p99_minus_p50":0,"mean":11.140459312769204,"max":16},"per_stream_fairness_spread_us":{"n":0,"p50_us":0,"p95_us":0,"p99_us":0,"p95_minus_p50_us":0,"p99_minus_p50_us":0,"mean_us":0,"max_us":0}}