{"counts":{"enqueued":220789,"completed":220789,"dispatch_cycles":61649,"warmup_runs":2,"B1":7985,"B2":0,"B4":53664,"K2_padded_to_B4":494,"K3_padded_to_B4":864,"K4":52306,"backlog_gt_bmax":42266,"dispatcher_exceptions":0},"dispatcher_cpu_pct":51.81334226234258,"dispatcher_cpu_us":585086734.03600001,"dispatcher_wall_us":1129220213.345,"dispatcher_stream_util_pct":50.662532779787888,"dispatcher_stream_run_us":572091560.7419014,"timers":{"gather_wait_us":{"n":220789,"p50_us":137667.755,"p95_us":225863.51500000001,"p99_us":248828.704,"p95_minus_p50_us":88195.760000000009,"p99_minus_p50_us":111160.94899999999,"mean_us":99700.206576732133,"max_us":466594.64600000001},"service_wait_us":{"n":220789,"p50_us":351.66800000000001,"p95_us":3415.5920000000001,"p99_us":10259.145,"p95_minus_p50_us":3063.924,"p99_minus_p50_us":9907.4770000000008,"mean_us":774.66903634692096,"max_us":16041.813},"cuda_run_us":{"n":220789,"p50_us":9154.5600891113281,"p95_us":11780.096054077148,"p99_us":13507.583618164062,"p95_minus_p50_us":2625.5359649658203,"p99_minus_p50_us":4353.0235290527344,"mean_us":9466.548806351997,"max_us":306911.22436523438},"output_sync_us":{"n":0,"p50_us":0,"p95_us":0,"p99_us":0,"p95_minus_p50_us":0,"p99_minus_p50_us":0,"mean_us":0,"max_us":0},"worker_blocked_us":{"n":0,"p50_us":0,"p95_us":0,"p99_us":0,"p95_minus_p50_us":0,"p99_minus_p50_us":0,"mean_us":0,"max_us":0},"window_wakeup_jitter_us":{"n":1358,"p50_us":75.593999999999994,"p95_us":99.501999999999995,"p99_us":110.15300000000001,"p95_minus_p50_us":23.908000000000001,"p99_minus_p50_us":34.559000000000012,"mean_us":79.941942562591947,"max_us":141.751}},"queue_depth":{"n":61649,"p50":16,"p95":16,"p99":16,"p95_minus_p50":0,"p99_minus_p50":0,"mean":10.222290710311603,"max":16},"per_stream_fairness_spread_us":{"n":0,"p50_us":0,"p95_us":0,"p99_us":0,"p95_minus_p50_us":0,"p99_minus_p50_us":0,"mean_us":0,"max_us":0}}