{
  "url": "ws://127.0.0.1:8080",
  "levels": [
    60
  ],
  "procs": 32,
  "window_s": 45.0,
  "summaries": {
    "60": {
      "n": 60,
      "procs": 32,
      "window_s": 45.0,
      "completed": 294,
      "errors": 0,
      "err_msg": null,
      "ttfs_p50": 15.63801600059378,
      "ttfs_p95": 32.0197970031586,
      "ttfs_p99": 109.52015300063067,
      "ttfs_max": 261.6133390001778,
      "ttfs_n": 294,
      "lag_p50": 35.48222799872747,
      "lag_p95": 51.308338002854725,
      "lag_p99": 129.79255400205147,
      "maxjit_ms": 0.0,
      "tag_leaks": 0,
      "keepup": true
    }
  },
  "knee": 60
}