{"enabled":true,"window_size":2048,"samples":2048,"since_unix":1780253346.5536962,"until_unix":1780253829.2296548,"emitted_in_window":2048,"suppressed_in_window":0,"lifetime_emitted":3656,"lifetime_suppressed":3656,"metrics":{"vad_stop_to_sent_ms":{"p50":15.167236328125,"p90":17.861127853393555,"p95":19.143581390380859,"p99":22.814512252807617,"max":26.823759078979492,"count":2048},"fork_flush_wall_ms":{"p50":15.166521072387695,"p90":17.859697341918945,"p95":19.143104553222656,"p99":22.813558578491211,"max":26.823282241821289,"count":2048},"vad_stop_recv_to_process_ms":{"p50":null,"p90":null,"p95":null,"p99":null,"max":null,"count":0},"lock_wait_ms":{"p50":0.020721,"p90":0.033381000000000001,"p95":0.037339999999999998,"p99":0.052461000000000001,"max":0.095061999999999994,"count":2048},"enc_first_lock_wait_ms":{"p50":22.929475,"p90":582.801332,"p95":904.50212299999998,"p99":1253.045879,"max":1471.572101,"count":2048},"lane_queue_wait_ms":{"p50":1.341567,"p90":2.0579549999999998,"p95":2.2573690000000002,"p99":2.5771710000000003,"max":3.3457919999999994,"count":2048},"preproc_ms":{"p50":40.643290999999998,"p90":54.630397000000002,"p95":58.318274000000009,"p99":63.66562099999998,"max":73.875260999999995,"count":2048},"scheduler_enqueue_wait_ms":{"p50":0.24812799999999993,"p90":7878.8123490000007,"p95":8854.941399000003,"p99":10617.100850000001,"max":10840.346153000002,"count":2048},"scheduler_future_wait_ms":{"p50":1444.8007180000006,"p90":3943.0974049999991,"p95":4360.6059640000003,"p99":5237.3385570000009,"max":5446.6568639999987,"count":2048},"decode_ms":{"p50":101.51512199999999,"p90":131.102631,"p95":135.43788999999998,"p99":141.49141699999993,"max":148.38471399999995,"count":2048},"vad_stop_to_finalize_start_ms":{"p50":0.00095367431640625,"p90":0.001430511474609375,"p95":0.001430511474609375,"p99":0.0019073486328125,"max":0.017881393432617188,"count":2048}},"active_sessions_at_emit":{"p50":56,"p90":64,"p95":64,"p99":64,"max":64,"count":2048},"admission":{"enabled":true,"attempted":3656,"admitted":3656,"rejected":0,"max_backlog":0,"max_ready_age_ms":0,"signal":{"queued_events":0,"ready_count":0,"backlog_count":0,"oldest_ready_age_ms":0,"oldest_ready_session_id":null}}}