{
  "N": 60,
  "completed": 294,
  "errors": 0,
  "ttfs_p50": 15.63801600059378,
  "ttfs_p95": 32.0197970031586,
  "ttfs_p99": 109.52015300063067,
  "ttfs_max": 261.6133390001778,
  "lag_p50": 35.48222799872747,
  "lag_p95": 51.308338002854725,
  "lag_p99": 129.79255400205147,
  "maxjit_ms": 0.0,
  "dispatcher_cpu_pct": 51.81334226234258,
  "dispatcher_stream_util_pct": 50.66253277978789,
  "dispatcher_cpu_pct_win": 75.65568122870295,
  "dispatcher_stream_util_pct_win": 73.79902075258822,
  "queue_depth_p50": 16,
  "queue_depth_p95": 16,
  "queue_depth_p99": 16,
  "backlog_gt_bmax_delta": 3002,
  "dispatcher_exceptions_delta": 0,
  "dispatch_cycles_delta": 4990,
  "B1_delta": 560,
  "B4_delta": 4430,
  "future_wait_p50": 1444.8007180000006,
  "future_wait_p95": 4360.605964,
  "future_wait_p99": 5237.338557000001,
  "enqueue_wait_p50": 0.24812799999999993,
  "enqueue_wait_p95": 8854.941399000003,
  "enqueue_wait_p99": 10617.10085,
  "stats_samples": 2048
}