{"enabled":true,"window_size":2048,"samples":1964,"since_unix":1780252954.4822679,"until_unix":1780253422.799089,"emitted_in_window":1964,"suppressed_in_window":0,"lifetime_emitted":1964,"lifetime_suppressed":1964,"metrics":{"vad_stop_to_sent_ms":{"p50":15.764713287353516,"p90":18.222808837890625,"p95":19.176483154296875,"p99":21.745204925537109,"max":27.943849563598633,"count":1964},"fork_flush_wall_ms":{"p50":15.763282775878906,"p90":18.22209358215332,"p95":19.175529479980469,"p99":21.744251251220703,"max":27.942895889282227,"count":1964},"vad_stop_recv_to_process_ms":{"p50":null,"p90":null,"p95":null,"p99":null,"max":null,"count":0},"lock_wait_ms":{"p50":0.015720999999999999,"p90":0.025801000000000001,"p95":0.032971,"p99":0.047040999999999999,"max":0.12957299999999999,"count":1964},"enc_first_lock_wait_ms":{"p50":23.386932999999999,"p90":879.4566319999999,"p95":1291.0052500000002,"p99":1803.800702,"max":2297.3650299999999,"count":1964},"lane_queue_wait_ms":{"p50":0.99348999999999965,"p90":1.4195830000000005,"p95":1.5592190000000006,"p99":2.2609330000000005,"max":3.6617450000000007,"count":1964},"preproc_ms":{"p50":40.404859999999985,"p90":56.170040999999998,"p95":60.303924000000009,"p99":62.954484999999991,"max":79.247587999999993,"count":1964},"scheduler_enqueue_wait_ms":{"p50":7209.9937899999995,"p90":12456.655640999996,"p95":14373.746588999993,"p99":17423.635482999998,"max":19367.697646000008,"count":1964},"scheduler_future_wait_ms":{"p50":3397.3768949999994,"p90":4709.5020370000011,"p95":4998.917011999999,"p99":5297.5411299999987,"max":5446.6568639999987,"count":1964},"decode_ms":{"p50":108.60333199999999,"p90":135.05947699999996,"p95":139.08582000000001,"p99":143.85835299999997,"max":307.441416,"count":1964},"vad_stop_to_finalize_start_ms":{"p50":0.00095367431640625,"p90":0.001430511474609375,"p95":0.001430511474609375,"p99":0.0019073486328125,"max":0.017404556274414062,"count":1964}},"active_sessions_at_emit":{"p50":64,"p90":96,"p95":96,"p99":96,"max":96,"count":1964},"admission":{"enabled":true,"attempted":1964,"admitted":1964,"rejected":0,"max_backlog":0,"max_ready_age_ms":0,"signal":{"queued_events":0,"ready_count":0,"backlog_count":0,"oldest_ready_age_ms":0,"oldest_ready_session_id":null}}}