{
  "url": "ws://127.0.0.1:8080",
  "levels": [
    64
  ],
  "procs": 32,
  "window_s": 45.0,
  "summaries": {
    "64": {
      "n": 64,
      "procs": 32,
      "window_s": 45.0,
      "completed": 312,
      "errors": 0,
      "err_msg": null,
      "ttfs_p50": 240.9778670007654,
      "ttfs_p95": 530.7009699990886,
      "ttfs_p99": 913.7213520007208,
      "ttfs_max": 986.7130200000247,
      "ttfs_n": 312,
      "lag_p50": 260.2691709998908,
      "lag_p95": 550.8702629995241,
      "lag_p99": 933.9941060006822,
      "maxjit_ms": 0.0,
      "tag_leaks": 0,
      "keepup": false
    }
  },
  "knee": 0
}