{
  "N": 64,
  "completed": 314,
  "errors": 0,
  "ttfs_p50": 147.27771800062328,
  "ttfs_p95": 304.25282299984246,
  "ttfs_p99": 855.2340160003951,
  "ttfs_max": 1050.5564479990426,
  "lag_p50": 168.0675869993138,
  "lag_p95": 324.5061899997381,
  "lag_p99": 875.5083840005682,
  "maxjit_ms": 0.0,
  "dispatcher_cpu_pct": 15.725398034129043,
  "dispatcher_stream_util_pct": 15.411398588634214,
  "dispatcher_cpu_pct_win": 51.565302543818085,
  "dispatcher_stream_util_pct_win": 50.5646064368958,
  "queue_depth_p50": 16,
  "queue_depth_p95": 16,
  "queue_depth_p99": 16,
  "backlog_gt_bmax_delta": 4447,
  "dispatcher_exceptions_delta": 0,
  "dispatch_cycles_delta": 5184,
  "B1_delta": 517,
  "B4_delta": 4667,
  "future_wait_p50": 3220.0749209999985,
  "future_wait_p95": 4925.60082,
  "future_wait_p99": 5233.133559000001,
  "enqueue_wait_p50": 6202.8975409999985,
  "enqueue_wait_p95": 9631.9635,
  "enqueue_wait_p99": 10635.385438999998,
  "stats_samples": 330
}