{"counts":{"enqueued":1331,"completed":1331,"dispatch_cycles":1232,"warmup_runs":2,"B1":1145,"B2":0,"B4":87,"K2_padded_to_B4":78,"K3_padded_to_B4":6,"K4":3,"backlog_gt_bmax":1,"dispatcher_exceptions":0},"dispatcher_cpu_pct":3.5020443771081342,"dispatcher_cpu_us":9802567.648,"dispatcher_wall_us":279909863.852,"dispatcher_stream_util_pct":3.4222457829424187,"dispatcher_stream_run_us":9579203.5117149353,"timers":{"gather_wait_us":{"n":1331,"p50_us":30.600999999999999,"p95_us":6107.9579999999996,"p99_us":7326.2539999999999,"p95_minus_p50_us":6077.357,"p99_minus_p50_us":7295.6530000000002,"mean_us":2103.7594755822693,"max_us":274899.717},"service_wait_us":{"n":1331,"p50_us":81.811999999999998,"p95_us":10427.700000000001,"p99_us":10471.742,"p95_minus_p50_us":10345.888000000001,"p99_minus_p50_us":10389.93,"mean_us":1435.1089654395182,"max_us":10562.522999999999},"cuda_run_us":{"n":1331,"p50_us":7143.3601379394531,"p95_us":8777.7280807495117,"p99_us":8976.384162902832,"p95_minus_p50_us":1634.3679428100586,"p99_minus_p50_us":1833.0240249633789,"mean_us":8046.0773281008569,"max_us":306911.22436523438},"output_sync_us":{"n":0,"p50_us":0,"p95_us":0,"p99_us":0,"p95_minus_p50_us":0,"p99_minus_p50_us":0,"mean_us":0,"max_us":0},"worker_blocked_us":{"n":0,"p50_us":0,"p95_us":0,"p99_us":0,"p95_minus_p50_us":0,"p99_minus_p50_us":0,"mean_us":0,"max_us":0},"window_wakeup_jitter_us":{"n":84,"p50_us":92.393000000000001,"p95_us":101.443,"p99_us":108.31399999999999,"p95_minus_p50_us":9.0499999999999972,"p99_minus_p50_us":15.920999999999992,"mean_us":92.183261904761878,"max_us":120.343}},"queue_depth":{"n":1232,"p50":1,"p95":2,"p99":2,"p95_minus_p50":1,"p99_minus_p50":1,"mean":1.0779220779220779,"max":6},"per_stream_fairness_spread_us":{"n":0,"p50_us":0,"p95_us":0,"p99_us":0,"p95_minus_p50_us":0,"p99_minus_p50_us":0,"mean_us":0,"max_us":0}}