{
  "N": 64,
  "completed": 313,
  "errors": 0,
  "ttfs_p50": 230.55654000017967,
  "ttfs_p95": 522.9194499988807,
  "ttfs_p99": 941.6302049994556,
  "ttfs_max": 1027.323753998644,
  "lag_p50": 250.80655099918658,
  "lag_p95": 541.2085199986905,
  "lag_p99": 961.9290749997162,
  "maxjit_ms": 0.0,
  "dispatcher_cpu_pct": 45.60272489081817,
  "dispatcher_stream_util_pct": 44.69663195555249,
  "dispatcher_cpu_pct_win": 77.92457540135445,
  "dispatcher_stream_util_pct_win": 76.32404283208749,
  "queue_depth_p50": 16,
  "queue_depth_p95": 16,
  "queue_depth_p99": 16,
  "backlog_gt_bmax_delta": 4428,
  "dispatcher_exceptions_delta": 0,
  "dispatch_cycles_delta": 5118,
  "B1_delta": 456,
  "B4_delta": 4662,
  "future_wait_p50": 3403.0190199999997,
  "future_wait_p95": 5020.65712,
  "future_wait_p99": 5312.658204999998,
  "enqueue_wait_p50": 7232.075358000001,
  "enqueue_wait_p95": 14289.006500000001,
  "enqueue_wait_p99": 17423.635483,
  "stats_samples": 2048
}