{"enabled":true,"window_size":2048,"samples":2048,"since_unix":1780253052.7337697,"until_unix":1780253486.0700207,"emitted_in_window":2048,"suppressed_in_window":0,"lifetime_emitted":2277,"lifetime_suppressed":2277,"metrics":{"vad_stop_to_sent_ms":{"p50":15.775442123413086,"p90":18.218040466308594,"p95":19.240856170654297,"p99":21.78955078125,"max":27.943849563598633,"count":2048},"fork_flush_wall_ms":{"p50":15.774011611938477,"p90":18.217325210571289,"p95":19.240140914916992,"p99":21.788835525512695,"max":27.942895889282227,"count":2048},"vad_stop_recv_to_process_ms":{"p50":null,"p90":null,"p95":null,"p99":null,"max":null,"count":0},"lock_wait_ms":{"p50":0.015789999999999998,"p90":0.025819999999999999,"p95":0.032591000000000002,"p99":0.048190999999999998,"max":0.12957299999999999,"count":2048},"enc_first_lock_wait_ms":{"p50":23.007957000000001,"p90":857.03181600000028,"p95":1282.35562,"p99":1803.800702,"max":2297.3650299999999,"count":2048},"lane_queue_wait_ms":{"p50":0.99800899999999992,"p90":1.3993010000000006,"p95":1.5253869999999998,"p99":2.1715379999999995,"max":3.5817309999999996,"count":2048},"preproc_ms":{"p50":40.688831000000008,"p90":55.981307000000015,"p95":60.349565999999989,"p99":63.152379000000018,"max":73.875260999999995,"count":2048},"scheduler_enqueue_wait_ms":{"p50":7232.075358000001,"p90":12346.600637,"p95":14289.006500000001,"p99":17423.635482999998,"max":19367.697646000008,"count":2048},"scheduler_future_wait_ms":{"p50":3403.0190199999997,"p90":4723.056652000002,"p95":5020.6571199999998,"p99":5312.6582049999979,"max":5446.6568639999987,"count":2048},"decode_ms":{"p50":108.78123199999999,"p90":134.89522700000001,"p95":138.99817799999997,"p99":143.13587100000001,"max":150.57764699999998,"count":2048},"vad_stop_to_finalize_start_ms":{"p50":0.00095367431640625,"p90":0.001430511474609375,"p95":0.001430511474609375,"p99":0.0019073486328125,"max":0.017404556274414062,"count":2048}},"active_sessions_at_emit":{"p50":64,"p90":96,"p95":96,"p99":96,"max":96,"count":2048},"admission":{"enabled":true,"attempted":2277,"admitted":2277,"rejected":0,"max_backlog":0,"max_ready_age_ms":0,"signal":{"queued_events":0,"ready_count":0,"backlog_count":0,"oldest_ready_age_ms":0,"oldest_ready_session_id":null}}}