{"enabled":true,"window_size":2048,"samples":1651,"since_unix":1780252954.4822679,"until_unix":1780253359.5232065,"emitted_in_window":1651,"suppressed_in_window":0,"lifetime_emitted":1651,"lifetime_suppressed":1651,"metrics":{"vad_stop_to_sent_ms":{"p50":15.772581100463867,"p90":18.225669860839844,"p95":19.191265106201172,"p99":21.409511566162109,"max":27.943849563598633,"count":1651},"fork_flush_wall_ms":{"p50":15.770673751831055,"p90":18.224477767944336,"p95":19.190073013305664,"p99":21.408319473266602,"max":27.942895889282227,"count":1651},"vad_stop_recv_to_process_ms":{"p50":null,"p90":null,"p95":null,"p99":null,"max":null,"count":0},"lock_wait_ms":{"p50":0.015671000000000001,"p90":0.025791000000000001,"p95":0.032721,"p99":0.048190999999999998,"max":0.12957299999999999,"count":1651},"enc_first_lock_wait_ms":{"p50":24.018950000000004,"p90":927.08543500000007,"p95":1338.2963110000001,"p99":1886.7643679999996,"max":2297.3650299999999,"count":1651},"lane_queue_wait_ms":{"p50":0.98582499999999962,"p90":1.416247,"p95":1.5661739999999993,"p99":2.2868389999999996,"max":3.6617450000000007,"count":1651},"preproc_ms":{"p50":40.378839000000006,"p90":56.170040999999998,"p95":60.223795999999986,"p99":62.983221999999984,"max":79.247587999999993,"count":1651},"scheduler_enqueue_wait_ms":{"p50":7371.491959,"p90":12933.835305999997,"p95":14849.697874000001,"p99":17923.580953000004,"max":19367.697646000008,"count":1651},"scheduler_future_wait_ms":{"p50":3400.6608530000012,"p90":4705.3501139999998,"p95":4993.2188320000023,"p99":5297.5411299999987,"max":5376.3501690000003,"count":1651},"decode_ms":{"p50":108.46954000000001,"p90":135.01058800000001,"p95":139.08582000000001,"p99":143.90130899999997,"max":307.441416,"count":1651},"vad_stop_to_finalize_start_ms":{"p50":0.00095367431640625,"p90":0.001430511474609375,"p95":0.001430511474609375,"p99":0.0019073486328125,"max":0.015735626220703125,"count":1651}},"active_sessions_at_emit":{"p50":64,"p90":96,"p95":96,"p99":96,"max":96,"count":1651},"admission":{"enabled":true,"attempted":1651,"admitted":1651,"rejected":0,"max_backlog":0,"max_ready_age_ms":0,"signal":{"queued_events":0,"ready_count":0,"backlog_count":0,"oldest_ready_age_ms":0,"oldest_ready_session_id":null}}}