{
  "url": "ws://127.0.0.1:8080",
  "levels": [
    64
  ],
  "procs": 32,
  "window_s": 45.0,
  "summaries": {
    "64": {
      "n": 64,
      "procs": 32,
      "window_s": 45.0,
      "completed": 313,
      "errors": 0,
      "err_msg": null,
      "ttfs_p50": 226.44042600040848,
      "ttfs_p95": 481.7162859999371,
      "ttfs_p99": 971.4193529998738,
      "ttfs_max": 1220.1007289986592,
      "ttfs_n": 313,
      "lag_p50": 246.8252280013985,
      "lag_p95": 501.9895360001101,
      "lag_p99": 991.6488500002743,
      "maxjit_ms": 0.0,
      "tag_leaks": 0,
      "keepup": false
    }
  },
  "knee": 0
}