{
  "url": "ws://127.0.0.1:8080",
  "levels": [
    64
  ],
  "procs": 32,
  "window_s": 45.0,
  "summaries": {
    "64": {
      "n": 64,
      "procs": 32,
      "window_s": 45.0,
      "completed": 313,
      "errors": 0,
      "err_msg": null,
      "ttfs_p50": 230.55654000017967,
      "ttfs_p95": 522.9194499988807,
      "ttfs_p99": 941.6302049994556,
      "ttfs_max": 1027.323753998644,
      "ttfs_n": 313,
      "lag_p50": 250.80655099918658,
      "lag_p95": 541.2085199986905,
      "lag_p99": 961.9290749997162,
      "maxjit_ms": 0.0,
      "tag_leaks": 0,
      "keepup": false
    }
  },
  "knee": 0
}