{
  "N": 64,
  "completed": 312,
  "errors": 0,
  "ttfs_p50": 240.9778670007654,
  "ttfs_p95": 530.7009699990886,
  "ttfs_p99": 913.7213520007208,
  "ttfs_max": 986.7130200000247,
  "lag_p50": 260.2691709998908,
  "lag_p95": 550.8702629995241,
  "lag_p99": 933.9941060006822,
  "maxjit_ms": 0.0,
  "dispatcher_cpu_pct": 39.455271228155034,
  "dispatcher_stream_util_pct": 38.67329535892619,
  "dispatcher_cpu_pct_win": 65.78160634199949,
  "dispatcher_stream_util_pct_win": 64.42201270310753,
  "queue_depth_p50": 16,
  "queue_depth_p95": 16,
  "queue_depth_p99": 16,
  "backlog_gt_bmax_delta": 4416,
  "dispatcher_exceptions_delta": 0,
  "dispatch_cycles_delta": 5009,
  "B1_delta": 333,
  "B4_delta": 4676,
  "future_wait_p50": 3400.660853000001,
  "future_wait_p95": 4993.218832000002,
  "future_wait_p99": 5297.541129999999,
  "enqueue_wait_p50": 7371.491959,
  "enqueue_wait_p95": 14849.697874000001,
  "enqueue_wait_p99": 17923.580953000004,
  "stats_samples": 1651
}