{
  "url": "ws://127.0.0.1:8080",
  "levels": [
    64
  ],
  "procs": 32,
  "window_s": 45.0,
  "summaries": {
    "64": {
      "n": 64,
      "procs": 32,
      "window_s": 45.0,
      "completed": 314,
      "errors": 0,
      "err_msg": null,
      "ttfs_p50": 147.27771800062328,
      "ttfs_p95": 304.25282299984246,
      "ttfs_p99": 855.2340160003951,
      "ttfs_max": 1050.5564479990426,
      "ttfs_n": 314,
      "lag_p50": 168.0675869993138,
      "lag_p95": 324.5061899997381,
      "lag_p99": 875.5083840005682,
      "maxjit_ms": 0.0,
      "tag_leaks": 0,
      "keepup": true
    }
  },
  "knee": 64
}