{"counts":{"enqueued":118131,"completed":118131,"dispatch_cycles":32214,"warmup_runs":2,"B1":3333,"B2":0,"B4":28881,"K2_padded_to_B4":242,"K3_padded_to_B4":242,"K4":28397,"backlog_gt_bmax":27676,"dispatcher_exceptions":0},"dispatcher_cpu_pct":42.773361534764085,"dispatcher_cpu_us":309161302.824,"dispatcher_wall_us":722789352.37,"dispatcher_stream_util_pct":41.928057880507986,"dispatcher_stream_run_us":303051538.01584244,"timers":{"gather_wait_us":{"n":118131,"p50_us":157952.80900000001,"p95_us":236182.516,"p99_us":257554.739,"p95_minus_p50_us":78229.706999999995,"p99_minus_p50_us":99601.929999999993,"mean_us":157063.85343566208,"max_us":466594.64600000001},"service_wait_us":{"n":118131,"p50_us":350.60700000000003,"p95_us":667.43399999999997,"p99_us":9332.9169999999995,"p95_minus_p50_us":316.82699999999994,"p99_minus_p50_us":8982.3099999999995,"mean_us":521.17066800416899,"max_us":14583.456},"cuda_run_us":{"n":118131,"p50_us":9218.048095703125,"p95_us":11891.712188720703,"p99_us":13579.263687133789,"p95_minus_p50_us":2673.6640930175781,"p99_minus_p50_us":4361.2155914306641,"mean_us":9569.0730026950951,"max_us":306911.22436523438},"output_sync_us":{"n":0,"p50_us":0,"p95_us":0,"p99_us":0,"p95_minus_p50_us":0,"p99_minus_p50_us":0,"mean_us":0,"max_us":0},"worker_blocked_us":{"n":0,"p50_us":0,"p95_us":0,"p99_us":0,"p95_minus_p50_us":0,"p99_minus_p50_us":0,"mean_us":0,"max_us":0},"window_wakeup_jitter_us":{"n":484,"p50_us":83.769000000000005,"p95_us":100.593,"p99_us":110.15300000000001,"p95_minus_p50_us":16.823999999999998,"p99_minus_p50_us":26.384,"mean_us":82.922884297520653,"max_us":134.434}},"queue_depth":{"n":32214,"p50":16,"p95":16,"p99":16,"p95_minus_p50":0,"p99_minus_p50":0,"mean":13.867479977649468,"max":16},"per_stream_fairness_spread_us":{"n":0,"p50_us":0,"p95_us":0,"p99_us":0,"p95_minus_p50_us":0,"p99_minus_p50_us":0,"mean_us":0,"max_us":0}}