{"enabled":true,"window_size":2048,"samples":330,"since_unix":1780252954.4822679,"until_unix":1780253075.3842509,"emitted_in_window":330,"suppressed_in_window":0,"lifetime_emitted":330,"lifetime_suppressed":330,"metrics":{"vad_stop_to_sent_ms":{"p50":15.489578247070312,"p90":17.775297164916992,"p95":18.504619598388672,"p99":20.58100700378418,"max":22.710323333740234,"count":330},"fork_flush_wall_ms":{"p50":15.488386154174805,"p90":17.774105072021484,"p95":18.503427505493164,"p99":20.579814910888672,"max":22.70960807800293,"count":330},"vad_stop_recv_to_process_ms":{"p50":null,"p90":null,"p95":null,"p99":null,"max":null,"count":0},"lock_wait_ms":{"p50":0.016420000000000001,"p90":0.030771,"p95":0.035430999999999997,"p99":0.058000999999999997,"max":0.072371000000000005,"count":330},"enc_first_lock_wait_ms":{"p50":22.399033000000006,"p90":658.84647900000004,"p95":1078.5700019999999,"p99":1425.360721,"max":1591.1874639999999,"count":330},"lane_queue_wait_ms":{"p50":1.0565449999999998,"p90":1.6355800000000005,"p95":1.9787980000000001,"p99":2.9489259999999997,"max":3.6617450000000007,"count":330},"preproc_ms":{"p50":40.051033000000004,"p90":56.832028000000015,"p95":60.664670000000008,"p99":62.623708999999998,"max":79.247587999999993,"count":330},"scheduler_enqueue_wait_ms":{"p50":6202.8975409999985,"p90":8983.1316780000034,"p95":9631.9634999999998,"p99":10635.385438999998,"max":10700.517485,"count":330},"scheduler_future_wait_ms":{"p50":3220.0749209999985,"p90":4583.3502419999995,"p95":4925.6008199999997,"p99":5233.1335590000008,"max":5281.3776069999976,"count":330},"decode_ms":{"p50":108.33544600000003,"p90":136.09349000000006,"p95":140.51348400000003,"p99":148.81015900000006,"max":307.441416,"count":330},"vad_stop_to_finalize_start_ms":{"p50":0.00095367431640625,"p90":0.001430511474609375,"p95":0.001430511474609375,"p99":0.0019073486328125,"max":0.0019073486328125,"count":330}},"active_sessions_at_emit":{"p50":64,"p90":64,"p95":64,"p99":64,"max":64,"count":330},"admission":{"enabled":true,"attempted":330,"admitted":330,"rejected":0,"max_backlog":0,"max_ready_age_ms":0,"signal":{"queued_events":0,"ready_count":0,"backlog_count":0,"oldest_ready_age_ms":0,"oldest_ready_session_id":null}}}