{"counts":{"enqueued":20441,"completed":20441,"dispatch_cycles":6416,"warmup_runs":2,"B1":1662,"B2":0,"B4":4754,"K2_padded_to_B4":96,"K3_padded_to_B4":45,"K4":4613,"backlog_gt_bmax":4448,"dispatcher_exceptions":0},"dispatcher_cpu_pct":15.725398034129043,"dispatcher_cpu_us":59029107.103,"dispatcher_wall_us":375374327.40899998,"dispatcher_stream_util_pct":15.411398588634214,"dispatcher_stream_run_us":57850433.796405792,"timers":{"gather_wait_us":{"n":20441,"p50_us":142364.02499999999,"p95_us":163902.90900000001,"p99_us":174933.916,"p95_minus_p50_us":21538.88400000002,"p99_minus_p50_us":32569.891000000003,"mean_us":123851.95992495531,"max_us":274899.717},"service_wait_us":{"n":20441,"p50_us":339.40699999999998,"p95_us":710.60500000000002,"p99_us":10326.187,"p95_minus_p50_us":371.19800000000004,"p99_minus_p50_us":9986.7800000000007,"mean_us":585.78375974756796,"max_us":11199.656000000001},"cuda_run_us":{"n":20441,"p50_us":9072.6404190063477,"p95_us":11698.176383972168,"p99_us":13278.207778930664,"p95_minus_p50_us":2625.5359649658203,"p99_minus_p50_us":4205.5673599243164,"mean_us":9373.3615016092808,"max_us":306911.22436523438},"output_sync_us":{"n":0,"p50_us":0,"p95_us":0,"p99_us":0,"p95_minus_p50_us":0,"p99_minus_p50_us":0,"mean_us":0,"max_us":0},"worker_blocked_us":{"n":0,"p50_us":0,"p95_us":0,"p99_us":0,"p95_minus_p50_us":0,"p99_minus_p50_us":0,"mean_us":0,"max_us":0},"window_wakeup_jitter_us":{"n":141,"p50_us":88.652000000000001,"p95_us":101.15300000000001,"p99_us":108.31399999999999,"p95_minus_p50_us":12.501000000000005,"p99_minus_p50_us":19.661999999999992,"mean_us":86.88843971631205,"max_us":120.343}},"queue_depth":{"n":6416,"p50":16,"p95":16,"p99":16,"p95_minus_p50":0,"p99_minus_p50":0,"mean":11.360816708229427,"max":16},"per_stream_fairness_spread_us":{"n":0,"p50_us":0,"p95_us":0,"p99_us":0,"p95_minus_p50_us":0,"p99_minus_p50_us":0,"mean_us":0,"max_us":0}}