{"counts":{"enqueued":99121,"completed":99121,"dispatch_cycles":27138,"warmup_runs":2,"B1":2926,"B2":0,"B4":24212,"K2_padded_to_B4":226,"K3_padded_to_B4":201,"K4":23785,"backlog_gt_bmax":23248,"dispatcher_exceptions":0},"dispatcher_cpu_pct":39.455271228155034,"dispatcher_cpu_us":260213235.57600001,"dispatcher_wall_us":659514502.05799997,"dispatcher_stream_util_pct":38.67329535892619,"dispatcher_stream_run_us":255055991.31584167,"timers":{"gather_wait_us":{"n":99121,"p50_us":163435.875,"p95_us":238864.83300000001,"p99_us":259896.899,"p95_minus_p50_us":75428.958000000013,"p99_minus_p50_us":96461.024000000005,"mean_us":161137.34757422854,"max_us":466594.64600000001},"service_wait_us":{"n":99121,"p50_us":350.52699999999999,"p95_us":666.96400000000006,"p99_us":9509.9050000000007,"p95_minus_p50_us":316.43700000000007,"p99_minus_p50_us":9159.3780000000006,"mean_us":521.64564935785779,"max_us":11343.120000000001},"cuda_run_us":{"n":99121,"p50_us":9215.9996032714844,"p95_us":11887.616157531738,"p99_us":13574.14436340332,"p95_minus_p50_us":2671.6165542602539,"p99_minus_p50_us":4358.1447601318359,"mean_us":9566.0781120857337,"max_us":306911.22436523438},"output_sync_us":{"n":0,"p50_us":0,"p95_us":0,"p99_us":0,"p95_minus_p50_us":0,"p99_minus_p50_us":0,"mean_us":0,"max_us":0},"worker_blocked_us":{"n":0,"p50_us":0,"p95_us":0,"p99_us":0,"p95_minus_p50_us":0,"p99_minus_p50_us":0,"mean_us":0,"max_us":0},"window_wakeup_jitter_us":{"n":427,"p50_us":85.040000000000006,"p95_us":100.723,"p99_us":110.15300000000001,"p95_minus_p50_us":15.682999999999993,"p99_minus_p50_us":25.113,"mean_us":83.618660421545684,"max_us":134.434}},"queue_depth":{"n":27138,"p50":16,"p95":16,"p99":16,"p95_minus_p50":0,"p99_minus_p50":0,"mean":13.828616699830496,"max":16},"per_stream_fairness_spread_us":{"n":0,"p50_us":0,"p95_us":0,"p99_us":0,"p95_minus_p50_us":0,"p99_minus_p50_us":0,"mean_us":0,"max_us":0}}