{
  "N": 64,
  "completed": 313,
  "errors": 0,
  "ttfs_p50": 226.44042600040848,
  "ttfs_p95": 481.7162859999371,
  "ttfs_p99": 971.4193529998738,
  "ttfs_max": 1220.1007289986592,
  "lag_p50": 246.8252280013985,
  "lag_p95": 501.9895360001101,
  "lag_p99": 991.6488500002743,
  "maxjit_ms": 0.0,
  "dispatcher_cpu_pct": 42.773361534764085,
  "dispatcher_stream_util_pct": 41.928057880507986,
  "dispatcher_cpu_pct_win": 77.35785546175686,
  "dispatcher_stream_util_pct_win": 75.85248556628895,
  "queue_depth_p50": 16,
  "queue_depth_p95": 16,
  "queue_depth_p99": 16,
  "backlog_gt_bmax_delta": 4428,
  "dispatcher_exceptions_delta": 0,
  "dispatch_cycles_delta": 5076,
  "B1_delta": 407,
  "B4_delta": 4669,
  "future_wait_p50": 3397.3768949999994,
  "future_wait_p95": 4998.917011999999,
  "future_wait_p99": 5297.541129999999,
  "enqueue_wait_p50": 7209.9937899999995,
  "enqueue_wait_p95": 14373.746588999993,
  "enqueue_wait_p99": 17423.635483,
  "stats_samples": 1964
}