{"enabled":true,"window_size":2048,"samples":1339,"since_unix":1780252954.4822679,"until_unix":1780253285.7386129,"emitted_in_window":1339,"suppressed_in_window":0,"lifetime_emitted":1339,"lifetime_suppressed":1339,"metrics":{"vad_stop_to_sent_ms":{"p50":15.798807144165039,"p90":18.295049667358398,"p95":19.289970397949219,"p99":21.468877792358398,"max":27.943849563598633,"count":1339},"fork_flush_wall_ms":{"p50":15.797853469848633,"p90":18.293857574462891,"p95":19.288778305053711,"p99":21.467924118041992,"max":27.942895889282227,"count":1339},"vad_stop_recv_to_process_ms":{"p50":null,"p90":null,"p95":null,"p99":null,"max":null,"count":0},"lock_wait_ms":{"p50":0.015710999999999999,"p90":0.025401,"p95":0.032971,"p99":0.050550999999999999,"max":0.12957299999999999,"count":1339},"enc_first_lock_wait_ms":{"p50":24.925138,"p90":988.40283199999999,"p95":1392.6793729999999,"p99":1993.505242,"max":2297.3650299999999,"count":1339},"lane_queue_wait_ms":{"p50":0.97910900000000001,"p90":1.4203849999999996,"p95":1.5838319999999999,"p99":2.2886720000000005,"max":3.6617450000000007,"count":1339},"preproc_ms":{"p50":40.401237999999999,"p90":56.421165999999992,"p95":60.25740900000001,"p99":62.783967999999987,"max":79.247587999999993,"count":1339},"scheduler_enqueue_wait_ms":{"p50":7674.0741369999996,"p90":13536.549445999997,"p95":15184.915149000006,"p99":18055.867589000001,"max":19367.697646000008,"count":1339},"scheduler_future_wait_ms":{"p50":3394.6431640000005,"p90":4705.3501139999998,"p95":4976.6815340000003,"p99":5294.2983989999993,"max":5376.3501690000003,"count":1339},"decode_ms":{"p50":108.43020999999999,"p90":135.12328799999995,"p95":139.33747699999995,"p99":143.85835299999997,"max":307.441416,"count":1339},"vad_stop_to_finalize_start_ms":{"p50":0.00095367431640625,"p90":0.001430511474609375,"p95":0.001430511474609375,"p99":0.0019073486328125,"max":0.015735626220703125,"count":1339}},"active_sessions_at_emit":{"p50":72,"p90":96,"p95":96,"p99":96,"max":96,"count":1339},"admission":{"enabled":true,"attempted":1339,"admitted":1339,"rejected":0,"max_backlog":0,"max_ready_age_ms":0,"signal":{"queued_events":0,"ready_count":0,"backlog_count":0,"oldest_ready_age_ms":0,"oldest_ready_session_id":null}}}