{"counts":{"enqueued":80211,"completed":80211,"dispatch_cycles":22129,"warmup_runs":2,"B1":2593,"B2":0,"B4":19536,"K2_padded_to_B4":184,"K3_padded_to_B4":158,"K4":19194,"backlog_gt_bmax":18832,"dispatcher_exceptions":0},"dispatcher_cpu_pct":36.132824361511446,"dispatcher_cpu_us":211597147.301,"dispatcher_wall_us":585609210.01900005,"dispatcher_stream_util_pct":35.423745245310933,"dispatcher_stream_run_us":207444714.69020844,"timers":{"gather_wait_us":{"n":80211,"p50_us":173909.29699999999,"p95_us":241933.245,"p99_us":261721.234,"p95_minus_p50_us":68023.948000000004,"p99_minus_p50_us":87811.937000000005,"mean_us":166905.66366921141,"max_us":466594.64600000001},"service_wait_us":{"n":80211,"p50_us":349.41800000000001,"p95_us":659.60500000000002,"p99_us":9298.4660000000003,"p95_minus_p50_us":310.18700000000001,"p99_minus_p50_us":8949.0480000000007,"mean_us":511.56381319269582,"max_us":11343.120000000001},"cuda_run_us":{"n":80211,"p50_us":9201.6639709472656,"p95_us":11888.640403747559,"p99_us":13609.984397888184,"p95_minus_p50_us":2686.976432800293,"p99_minus_p50_us":4408.320426940918,"mean_us":9555.21395691219,"max_us":306911.22436523438},"output_sync_us":{"n":0,"p50_us":0,"p95_us":0,"p99_us":0,"p95_minus_p50_us":0,"p99_minus_p50_us":0,"mean_us":0,"max_us":0},"worker_blocked_us":{"n":0,"p50_us":0,"p95_us":0,"p99_us":0,"p95_minus_p50_us":0,"p99_minus_p50_us":0,"mean_us":0,"max_us":0},"window_wakeup_jitter_us":{"n":342,"p50_us":85.712000000000003,"p95_us":101.15300000000001,"p99_us":110.94799999999999,"p95_minus_p50_us":15.441000000000003,"p99_minus_p50_us":25.23599999999999,"mean_us":84.510286549707615,"max_us":134.434}},"queue_depth":{"n":22129,"p50":16,"p95":16,"p99":16,"p95_minus_p50":0,"p99_minus_p50":0,"mean":13.734646843508518,"max":16},"per_stream_fairness_spread_us":{"n":0,"p50_us":0,"p95_us":0,"p99_us":0,"p95_minus_p50_us":0,"p99_minus_p50_us":0,"mean_us":0,"max_us":0}}