{
  "url": "ws://127.0.0.1:8080",
  "levels": [
    72
  ],
  "procs": 32,
  "window_s": 45.0,
  "summaries": {
    "72": {
      "n": 72,
      "procs": 32,
      "window_s": 45.0,
      "completed": 328,
      "errors": 0,
      "err_msg": null,
      "ttfs_p50": 1195.2235820008354,
      "ttfs_p95": 2540.4360169995925,
      "ttfs_p99": 3285.5176760003815,
      "ttfs_max": 3821.884442000737,
      "ttfs_n": 328,
      "lag_p50": 1215.4697530004341,
      "lag_p95": 2560.683379000693,
      "lag_p99": 3305.8143010002823,
      "maxjit_ms": 0.0,
      "tag_leaks": 0,
      "keepup": false
    }
  },
  "knee": 0
}