{
  "N": 72,
  "completed": 328,
  "errors": 0,
  "ttfs_p50": 1195.2235820008354,
  "ttfs_p95": 2540.4360169995925,
  "ttfs_p99": 3285.5176760003815,
  "ttfs_max": 3821.884442000737,
  "lag_p50": 1215.4697530004341,
  "lag_p95": 2560.683379000693,
  "lag_p99": 3305.8143010002823,
  "maxjit_ms": 0.0,
  "dispatcher_cpu_pct": 36.132824361511446,
  "dispatcher_stream_util_pct": 35.42374524531093,
  "dispatcher_cpu_pct_win": 57.54927412720974,
  "dispatcher_stream_util_pct_win": 56.41140567949006,
  "queue_depth_p50": 16,
  "queue_depth_p95": 16,
  "queue_depth_p99": 16,
  "backlog_gt_bmax_delta": 4578,
  "dispatcher_exceptions_delta": 0,
  "dispatch_cycles_delta": 5114,
  "B1_delta": 350,
  "B4_delta": 4764,
  "future_wait_p50": 3394.6431640000005,
  "future_wait_p95": 4976.681534,
  "future_wait_p99": 5294.298398999999,
  "enqueue_wait_p50": 7674.074137,
  "enqueue_wait_p95": 15184.915149000006,
  "enqueue_wait_p99": 18055.867589,
  "stats_samples": 1339
}