{
  "N": 80,
  "completed": 336,
  "errors": 0,
  "ttfs_p50": 2494.168813000215,
  "ttfs_p95": 4389.7711530007655,
  "ttfs_p99": 4867.240691999541,
  "ttfs_max": 5959.308320998389,
  "lag_p50": 2513.4458699994866,
  "lag_p95": 4409.167592000813,
  "lag_p99": 4887.687823000306,
  "maxjit_ms": 0.0,
  "dispatcher_cpu_pct": 25.23283917908539,
  "dispatcher_stream_util_pct": 24.733983999222325,
  "dispatcher_cpu_pct_win": 82.99595367423282,
  "dispatcher_stream_util_pct_win": 81.37399472895109,
  "queue_depth_p50": 16,
  "queue_depth_p95": 16,
  "queue_depth_p99": 16,
  "backlog_gt_bmax_delta": 4816,
  "dispatcher_exceptions_delta": 0,
  "dispatch_cycles_delta": 5285,
  "B1_delta": 358,
  "B4_delta": 4927,
  "future_wait_p50": 3365.7944220000004,
  "future_wait_p95": 4935.0547899999965,
  "future_wait_p99": 5280.378197000003,
  "enqueue_wait_p50": 7095.073793999999,
  "enqueue_wait_p95": 12808.253795999999,
  "enqueue_wait_p99": 14577.508924999998,
  "stats_samples": 666
}