{"enabled":true,"window_size":2048,"samples":666,"since_unix":1780252954.4822679,"until_unix":1780253137.1640282,"emitted_in_window":666,"suppressed_in_window":0,"lifetime_emitted":666,"lifetime_suppressed":666,"metrics":{"vad_stop_to_sent_ms":{"p50":15.662670135498047,"p90":18.168926239013672,"p95":19.022226333618164,"p99":21.286964416503906,"max":27.943849563598633,"count":666},"fork_flush_wall_ms":{"p50":15.661001205444336,"p90":18.167734146118164,"p95":19.021511077880859,"p99":21.2860107421875,"max":27.942895889282227,"count":666},"vad_stop_recv_to_process_ms":{"p50":null,"p90":null,"p95":null,"p99":null,"max":null,"count":0},"lock_wait_ms":{"p50":0.015661000000000001,"p90":0.025821,"p95":0.035011,"p99":0.061801000000000002,"max":0.12957299999999999,"count":666},"enc_first_lock_wait_ms":{"p50":23.386932999999999,"p90":857.03181600000028,"p95":1298.664743,"p99":1691.744048,"max":1846.6865010000004,"count":666},"lane_queue_wait_ms":{"p50":0.99776799999999999,"p90":1.498669,"p95":1.7162329999999997,"p99":2.5923220000000002,"max":3.6617450000000007,"count":666},"preproc_ms":{"p50":40.18774699999998,"p90":56.384702999999988,"p95":60.349565999999989,"p99":62.323057999999982,"max":79.247587999999993,"count":666},"scheduler_enqueue_wait_ms":{"p50":7095.073793999999,"p90":11767.388770999998,"p95":12808.253795999999,"p99":14577.508924999998,"max":15115.923450999999,"count":666},"scheduler_future_wait_ms":{"p50":3365.7944220000004,"p90":4676.7662889999992,"p95":4935.0547899999965,"p99":5280.3781970000027,"max":5376.3501690000003,"count":666},"decode_ms":{"p50":108.60333199999999,"p90":135.21095399999999,"p95":139.602889,"p99":144.19739400000003,"max":307.441416,"count":666},"vad_stop_to_finalize_start_ms":{"p50":0.00095367431640625,"p90":0.001430511474609375,"p95":0.001430511474609375,"p99":0.0016689300537109375,"max":0.015735626220703125,"count":666}},"active_sessions_at_emit":{"p50":64,"p90":80,"p95":80,"p99":80,"max":80,"count":666},"admission":{"enabled":true,"attempted":666,"admitted":666,"rejected":0,"max_backlog":0,"max_ready_age_ms":0,"signal":{"queued_events":0,"ready_count":0,"backlog_count":0,"oldest_ready_age_ms":0,"oldest_ready_session_id":null}}}