{
  "url": "ws://127.0.0.1:8080",
  "levels": [
    80
  ],
  "procs": 32,
  "window_s": 45.0,
  "summaries": {
    "80": {
      "n": 80,
      "procs": 32,
      "window_s": 45.0,
      "completed": 336,
      "errors": 0,
      "err_msg": null,
      "ttfs_p50": 2494.168813000215,
      "ttfs_p95": 4389.7711530007655,
      "ttfs_p99": 4867.240691999541,
      "ttfs_max": 5959.308320998389,
      "ttfs_n": 336,
      "lag_p50": 2513.4458699994866,
      "lag_p95": 4409.167592000813,
      "lag_p99": 4887.687823000306,
      "maxjit_ms": 0.0,
      "tag_leaks": 0,
      "keepup": false
    }
  },
  "knee": 0
}