{
  "N": 8,
  "completed": 16,
  "errors": 0,
  "ttfs_p50": 11.222866000025533,
  "ttfs_p95": 12.414490998708061,
  "ttfs_p99": 12.655046999498154,
  "ttfs_max": 12.655046999498154,
  "lag_p50": 31.38524200039683,
  "lag_p95": 32.582386998910806,
  "lag_p99": 32.766820999313495,
  "maxjit_ms": 0.0,
  "dispatcher_cpu_pct": 3.502044377108134,
  "dispatcher_stream_util_pct": 3.4222457829424187,
  "queue_depth_p50": 1,
  "queue_depth_p95": 2,
  "queue_depth_p99": 2,
  "backlog_gt_bmax_delta": 1,
  "dispatcher_exceptions_delta": 0,
  "dispatch_cycles_delta": 1025,
  "B1_delta": 938,
  "B4_delta": 87,
  "future_wait_p50": 727.8589869999997,
  "future_wait_p95": 1902.4820069999992,
  "future_wait_p99": 1910.0986989999997,
  "enqueue_wait_p50": 0.751439,
  "enqueue_wait_p95": 0.9864249999999998,
  "enqueue_wait_p99": 1.2259660000000001,
  "stats_samples": 16
}