{"counts":{"enqueued":207,"completed":207,"dispatch_cycles":207,"warmup_runs":2,"B1":207,"B2":0,"B4":0,"K2_padded_to_B4":0,"K3_padded_to_B4":0,"K4":0,"backlog_gt_bmax":0,"dispatcher_exceptions":0},"dispatcher_cpu_pct":0.78821590633407457,"dispatcher_cpu_us":1854062.2110000001,"dispatcher_wall_us":235222633.30399999,"dispatcher_stream_util_pct":0.77214597909920279,"dispatcher_stream_run_us":1816262.1049880981,"timers":{"gather_wait_us":{"n":207,"p50_us":25.170000000000002,"p95_us":39.061,"p99_us":46.231000000000002,"p95_minus_p50_us":13.890999999999998,"p99_minus_p50_us":21.061,"mean_us":26.184594202898552,"max_us":64.001000000000005},"service_wait_us":{"n":207,"p50_us":103.762,"p95_us":123.54300000000001,"p99_us":128.643,"p95_minus_p50_us":19.781000000000006,"p99_minus_p50_us":24.881,"mean_us":92.718260869565242,"max_us":137.65199999999999},"cuda_run_us":{"n":207,"p50_us":7233.5357666015625,"p95_us":7355.3919792175293,"p99_us":11658.24031829834,"p95_minus_p50_us":121.8562126159668,"p99_minus_p50_us":4424.7045516967773,"mean_us":8774.2130675753542,"max_us":306911.22436523438},"output_sync_us":{"n":0,"p50_us":0,"p95_us":0,"p99_us":0,"p95_minus_p50_us":0,"p99_minus_p50_us":0,"mean_us":0,"max_us":0},"worker_blocked_us":{"n":0,"p50_us":0,"p95_us":0,"p99_us":0,"p95_minus_p50_us":0,"p99_minus_p50_us":0,"mean_us":0,"max_us":0},"window_wakeup_jitter_us":{"n":0,"p50_us":0,"p95_us":0,"p99_us":0,"p95_minus_p50_us":0,"p99_minus_p50_us":0,"mean_us":0,"max_us":0}},"queue_depth":{"n":207,"p50":1,"p95":1,"p99":1,"p95_minus_p50":0,"p99_minus_p50":0,"mean":1,"max":1},"per_stream_fairness_spread_us":{"n":0,"p50_us":0,"p95_us":0,"p99_us":0,"p95_minus_p50_us":0,"p99_minus_p50_us":0,"mean_us":0,"max_us":0}}