{
  "url": "ws://127.0.0.1:8080",
  "levels": [
    8
  ],
  "procs": 8,
  "window_s": 15.0,
  "summaries": {
    "8": {
      "n": 8,
      "procs": 8,
      "window_s": 15.0,
      "completed": 16,
      "errors": 0,
      "err_msg": null,
      "ttfs_p50": 11.222866000025533,
      "ttfs_p95": 12.414490998708061,
      "ttfs_p99": 12.655046999498154,
      "ttfs_max": 12.655046999498154,
      "ttfs_n": 16,
      "lag_p50": 31.38524200039683,
      "lag_p95": 32.582386998910806,
      "lag_p99": 32.766820999313495,
      "maxjit_ms": 0.0,
      "tag_leaks": 0,
      "keepup": true
    }
  },
  "knee": 8
}