{"enabled":true,"window_size":2048,"samples":16,"since_unix":1780252954.4822679,"until_unix":1780252979.918314,"emitted_in_window":16,"suppressed_in_window":0,"lifetime_emitted":16,"lifetime_suppressed":16,"metrics":{"vad_stop_to_sent_ms":{"p50":10.862827301025391,"p90":12.062788009643555,"p95":12.062788009643555,"p99":12.346029281616211,"max":12.346029281616211,"count":16},"fork_flush_wall_ms":{"p50":10.860919952392578,"p90":12.061119079589844,"p95":12.061119079589844,"p99":12.345075607299805,"max":12.345075607299805,"count":16},"vad_stop_recv_to_process_ms":{"p50":null,"p90":null,"p95":null,"p99":null,"max":null,"count":0},"lock_wait_ms":{"p50":0.035311000000000002,"p90":0.058000999999999997,"p95":0.058000999999999997,"p99":0.069471000000000005,"max":0.069471000000000005,"count":16},"enc_first_lock_wait_ms":{"p50":0.0018600000000000001,"p90":74.31850900000002,"p95":74.31850900000002,"p99":94.287678,"max":94.287678,"count":16},"lane_queue_wait_ms":{"p50":2.2886720000000005,"p90":3.6015050000000013,"p95":3.6015050000000013,"p99":3.6617450000000007,"max":3.6617450000000007,"count":16},"preproc_ms":{"p50":46.042577000000009,"p90":61.373513999999986,"p95":61.373513999999986,"p99":79.247587999999993,"max":79.247587999999993,"count":16},"scheduler_enqueue_wait_ms":{"p50":0.75143899999999997,"p90":0.98642499999999977,"p95":0.98642499999999977,"p99":1.2259660000000001,"max":1.2259660000000001,"count":16},"scheduler_future_wait_ms":{"p50":727.85898699999973,"p90":1902.4820069999992,"p95":1902.4820069999992,"p99":1910.0986989999997,"max":1910.0986989999997,"count":16},"decode_ms":{"p50":70.685075999999967,"p90":244.75527299999999,"p95":244.75527299999999,"p99":307.441416,"max":307.441416,"count":16},"vad_stop_to_finalize_start_ms":{"p50":0.0011920928955078125,"p90":0.0016689300537109375,"p95":0.0016689300537109375,"p99":0.0019073486328125,"max":0.0019073486328125,"count":16}},"active_sessions_at_emit":{"p50":8,"p90":8,"p95":8,"p99":8,"max":8,"count":16},"admission":{"enabled":true,"attempted":16,"admitted":16,"rejected":0,"max_backlog":0,"max_ready_age_ms":0,"signal":{"queued_events":0,"ready_count":0,"backlog_count":0,"oldest_ready_age_ms":0,"oldest_ready_session_id":null}}}