{"counts":{"enqueued":40417,"completed":40417,"dispatch_cycles":11701,"warmup_runs":2,"B1":2020,"B2":0,"B4":9681,"K2_padded_to_B4":130,"K3_padded_to_B4":67,"K4":9484,"backlog_gt_bmax":9264,"dispatcher_exceptions":0},"dispatcher_cpu_pct":25.232839179085389,"dispatcher_cpu_us":110307514.76000001,"dispatcher_wall_us":437158553.491,"dispatcher_stream_util_pct":24.733983999222325,"dispatcher_stream_run_us":108126726.67169571,"timers":{"gather_wait_us":{"n":40417,"p50_us":156601.834,"p95_us":206792.07999999999,"p99_us":220312.46799999999,"p95_minus_p50_us":50190.245999999985,"p99_minus_p50_us":63710.633999999991,"mean_us":149549.93098985642,"max_us":274899.717},"service_wait_us":{"n":40417,"p50_us":344.28800000000001,"p95_us":664.93399999999997,"p99_us":10097.392,"p95_minus_p50_us":320.64599999999996,"p99_minus_p50_us":9753.1039999999994,"mean_us":521.2647574782884,"max_us":11343.120000000001},"cuda_run_us":{"n":40417,"p50_us":9169.9199676513672,"p95_us":11821.056365966797,"p99_us":13528.063774108887,"p95_minus_p50_us":2651.1363983154297,"p99_minus_p50_us":4358.1438064575195,"mean_us":9499.6839523150265,"max_us":306911.22436523438},"output_sync_us":{"n":0,"p50_us":0,"p95_us":0,"p99_us":0,"p95_minus_p50_us":0,"p99_minus_p50_us":0,"mean_us":0,"max_us":0},"worker_blocked_us":{"n":0,"p50_us":0,"p95_us":0,"p99_us":0,"p95_minus_p50_us":0,"p99_minus_p50_us":0,"mean_us":0,"max_us":0},"window_wakeup_jitter_us":{"n":197,"p50_us":87.054000000000002,"p95_us":101.15300000000001,"p99_us":110.15300000000001,"p95_minus_p50_us":14.099000000000004,"p99_minus_p50_us":23.099000000000004,"mean_us":85.684040609137057,"max_us":134.434}},"queue_depth":{"n":11701,"p50":16,"p95":16,"p99":16,"p95_minus_p50":0,"p99_minus_p50":0,"mean":12.831980172634818,"max":16},"per_stream_fairness_spread_us":{"n":0,"p50_us":0,"p95_us":0,"p99_us":0,"p95_minus_p50_us":0,"p99_minus_p50_us":0,"mean_us":0,"max_us":0}}