{"enabled":true,"window_size":2048,"samples":1011,"since_unix":1780252954.4822679,"until_unix":1780253199.7220166,"emitted_in_window":1011,"suppressed_in_window":0,"lifetime_emitted":1011,"lifetime_suppressed":1011,"metrics":{"vad_stop_to_sent_ms":{"p50":15.764713287353516,"p90":18.258094787597656,"p95":19.191265106201172,"p99":21.192312240600586,"max":27.943849563598633,"count":1011},"fork_flush_wall_ms":{"p50":15.763282775878906,"p90":18.257617950439453,"p95":19.190073013305664,"p99":21.191596984863281,"max":27.942895889282227,"count":1011},"vad_stop_recv_to_process_ms":{"p50":null,"p90":null,"p95":null,"p99":null,"max":null,"count":0},"lock_wait_ms":{"p50":0.015661000000000001,"p90":0.025590000000000002,"p95":0.033521000000000002,"p99":0.048190999999999998,"max":0.12957299999999999,"count":1011},"enc_first_lock_wait_ms":{"p50":25.137748999999999,"p90":1078.411018,"p95":1503.554635,"p99":2013.6497750000003,"max":2297.3650299999999,"count":1011},"lane_queue_wait_ms":{"p50":0.98118600000000011,"p90":1.4466489999999992,"p95":1.6153730000000002,"p99":2.4960659999999999,"max":3.6617450000000007,"count":1011},"preproc_ms":{"p50":40.351785000000007,"p90":56.421165999999992,"p95":60.385796999999982,"p99":62.623708999999998,"max":79.247587999999993,"count":1011},"scheduler_enqueue_wait_ms":{"p50":7754.2337690000013,"p90":14325.434005000001,"p95":15562.504410000001,"p99":18233.630831000006,"max":19367.697646000008,"count":1011},"scheduler_future_wait_ms":{"p50":3401.9542009999986,"p90":4696.7626599999985,"p95":4961.4428709999993,"p99":5281.6540640000021,"max":5376.3501690000003,"count":1011},"decode_ms":{"p50":108.77728300000001,"p90":135.05947699999996,"p95":139.48305099999999,"p99":144.19739400000003,"max":307.441416,"count":1011},"vad_stop_to_finalize_start_ms":{"p50":0.00095367431640625,"p90":0.001430511474609375,"p95":0.001430511474609375,"p99":0.0019073486328125,"max":0.015735626220703125,"count":1011}},"active_sessions_at_emit":{"p50":80,"p90":96,"p95":96,"p99":96,"max":96,"count":1011},"admission":{"enabled":true,"attempted":1011,"admitted":1011,"rejected":0,"max_backlog":0,"max_ready_age_ms":0,"signal":{"queued_events":0,"ready_count":0,"backlog_count":0,"oldest_ready_age_ms":0,"oldest_ready_session_id":null}}}