{
  "url": "ws://127.0.0.1:8080",
  "levels": [
    96
  ],
  "procs": 32,
  "window_s": 45.0,
  "summaries": {
    "96": {
      "n": 96,
      "procs": 32,
      "window_s": 45.0,
      "completed": 345,
      "errors": 0,
      "err_msg": null,
      "ttfs_p50": 4839.89208300045,
      "ttfs_p95": 8246.733113999653,
      "ttfs_p99": 9656.279921000532,
      "ttfs_max": 10640.885147000517,
      "ttfs_n": 345,
      "lag_p50": 4859.2541810012335,
      "lag_p95": 8266.563491999477,
      "lag_p99": 9676.525037999454,
      "maxjit_ms": 0.0,
      "tag_leaks": 0,
      "keepup": false
    }
  },
  "knee": 0
}