{"counts":{"enqueued":60916,"completed":60916,"dispatch_cycles":17015,"warmup_runs":2,"B1":2243,"B2":0,"B4":14772,"K2_padded_to_B4":160,"K3_padded_to_B4":95,"K4":14517,"backlog_gt_bmax":14254,"dispatcher_exceptions":0},"dispatcher_cpu_pct":32.451453689762587,"dispatcher_cpu_us":162163655.45899999,"dispatcher_wall_us":499711529.13300002,"dispatcher_stream_util_pct":31.81608111627494,"dispatcher_stream_run_us":158988625.45633316,"timers":{"gather_wait_us":{"n":60916,"p50_us":183317.495,"p95_us":245196.56400000001,"p99_us":264241.69500000001,"p95_minus_p50_us":61879.069000000018,"p99_minus_p50_us":80924.200000000012,"mean_us":170574.28419613975,"max_us":466594.64600000001},"service_wait_us":{"n":60916,"p50_us":348.65699999999998,"p95_us":652.81399999999996,"p99_us":8509.1489999999994,"p95_minus_p50_us":304.15699999999998,"p99_minus_p50_us":8160.4919999999993,"mean_us":498.40050812593807,"max_us":11343.120000000001},"cuda_run_us":{"n":60916,"p50_us":9201.6639709472656,"p95_us":11870.207786560059,"p99_us":13540.351867675781,"p95_minus_p50_us":2668.543815612793,"p99_minus_p50_us":4338.6878967285156,"mean_us":9546.9961680275719,"max_us":306911.22436523438},"output_sync_us":{"n":0,"p50_us":0,"p95_us":0,"p99_us":0,"p95_minus_p50_us":0,"p99_minus_p50_us":0,"mean_us":0,"max_us":0},"worker_blocked_us":{"n":0,"p50_us":0,"p95_us":0,"p99_us":0,"p95_minus_p50_us":0,"p99_minus_p50_us":0,"mean_us":0,"max_us":0},"window_wakeup_jitter_us":{"n":255,"p50_us":86.793999999999997,"p95_us":101.15300000000001,"p99_us":110.15300000000001,"p95_minus_p50_us":14.359000000000009,"p99_minus_p50_us":23.359000000000009,"mean_us":85.126141176470625,"max_us":134.434}},"queue_depth":{"n":17015,"p50":16,"p95":16,"p99":16,"p95_minus_p50":0,"p99_minus_p50":0,"mean":13.530825741992359,"max":16},"per_stream_fairness_spread_us":{"n":0,"p50_us":0,"p95_us":0,"p99_us":0,"p95_minus_p50_us":0,"p99_minus_p50_us":0,"mean_us":0,"max_us":0}}