{
  "N": 96,
  "completed": 345,
  "errors": 0,
  "ttfs_p50": 4839.89208300045,
  "ttfs_p95": 8246.733113999653,
  "ttfs_p99": 9656.279921000532,
  "ttfs_max": 10640.885147000517,
  "lag_p50": 4859.2541810012335,
  "lag_p95": 8266.563491999477,
  "lag_p99": 9676.525037999454,
  "maxjit_ms": 0.0,
  "dispatcher_cpu_pct": 32.45145368976259,
  "dispatcher_stream_util_pct": 31.81608111627494,
  "dispatcher_cpu_pct_win": 82.89955860098549,
  "dispatcher_stream_util_pct_win": 81.31011876353838,
  "queue_depth_p50": 16,
  "queue_depth_p95": 16,
  "queue_depth_p99": 16,
  "backlog_gt_bmax_delta": 4990,
  "dispatcher_exceptions_delta": 0,
  "dispatch_cycles_delta": 5314,
  "B1_delta": 223,
  "B4_delta": 5091,
  "future_wait_p50": 3401.9542009999986,
  "future_wait_p95": 4961.442870999999,
  "future_wait_p99": 5281.654064000002,
  "enqueue_wait_p50": 7754.233769000001,
  "enqueue_wait_p95": 15562.504410000001,
  "enqueue_wait_p99": 18233.630831000006,
  "stats_samples": 1011
}