{
  "60": {
    "source": "inphase-results.json",
    "ok": 60,
    "errors": 0,
    "strict_keep_up": true,
    "ttfs_p95_ms": 116.90550099592656,
    "processing_lag_p95_ms": 263.34844005759805,
    "send_overrun_p95_ms": 0.7140959147360348,
    "send_overrun_max_ms": 1.1477909982211543,
    "chunk_late_p95_ms": 22.02652709092945,
    "chunk_late_max_ms": 28.43652805313468,
    "pacing_violations": 0,
    "batch_batches": 253,
    "batch_chunks": 4825,
    "avg_B_batched_ready_pass": 19.07114624505929,
    "batch_total_avg_ms": 21.126245059288536,
    "model_batch_avg_ms": 19.915533596837946,
    "batch_hist": {
      "1": 73,
      "2": 1,
      "4": 6,
      "5": 2,
      "6": 1,
      "7": 1,
      "8": 1,
      "9": 1,
      "10": 2,
      "12": 2,
      "13": 1,
      "14": 4,
      "15": 2,
      "16": 1,
      "18": 1,
      "19": 2,
      "20": 2,
      "22": 1,
      "23": 1,
      "24": 2,
      "25": 1,
      "27": 64,
      "28": 1,
      "30": 1,
      "31": 1,
      "32": 78
    },
    "full_32_batches": 78,
    "batches_ge_24": 148,
    "barrier_drained_chunks_B1": 0,
    "barrier_drained_by_reason": {},
    "avg_B_including_barriers_as_B1": 19.07114624505929,
    "hist_including_barriers_as_B1": {
      "1": 73,
      "2": 1,
      "4": 6,
      "5": 2,
      "6": 1,
      "7": 1,
      "8": 1,
      "9": 1,
      "10": 2,
      "12": 2,
      "13": 1,
      "14": 4,
      "15": 2,
      "16": 1,
      "18": 1,
      "19": 2,
      "20": 2,
      "22": 1,
      "23": 1,
      "24": 2,
      "25": 1,
      "27": 64,
      "28": 1,
      "30": 1,
      "31": 1,
      "32": 78
    }
  },
  "100": {
    "source": "inphase-results.json",
    "ok": 100,
    "errors": 0,
    "strict_keep_up": true,
    "ttfs_p95_ms": 189.01790503878146,
    "processing_lag_p95_ms": 330.490258987993,
    "send_overrun_p95_ms": 0.7707759831099281,
    "send_overrun_max_ms": 1.5076250210412923,
    "chunk_late_p95_ms": 34.373807022348046,
    "chunk_late_max_ms": 36.18386702146381,
    "pacing_violations": 0,
    "batch_batches": 388,
    "batch_chunks": 7873,
    "avg_B_batched_ready_pass": 20.29123711340206,
    "batch_total_avg_ms": 21.28592783505155,
    "model_batch_avg_ms": 20.013453608247424,
    "batch_hist": {
      "1": 69,
      "2": 1,
      "3": 60,
      "4": 5,
      "5": 2,
      "6": 1,
      "7": 1,
      "8": 1,
      "9": 1,
      "10": 1,
      "12": 4,
      "13": 4,
      "14": 2,
      "15": 2,
      "16": 1,
      "19": 1,
      "20": 2,
      "23": 1,
      "24": 2,
      "26": 1,
      "28": 2,
      "30": 1,
      "32": 223
    },
    "full_32_batches": 223,
    "batches_ge_24": 229,
    "barrier_drained_chunks_B1": 1,
    "barrier_drained_by_reason": {
      "vad_stop": 1
    },
    "avg_B_including_barriers_as_B1": 20.24164524421594,
    "hist_including_barriers_as_B1": {
      "1": 70,
      "2": 1,
      "3": 60,
      "4": 5,
      "5": 2,
      "6": 1,
      "7": 1,
      "8": 1,
      "9": 1,
      "10": 1,
      "12": 4,
      "13": 4,
      "14": 2,
      "15": 2,
      "16": 1,
      "19": 1,
      "20": 2,
      "23": 1,
      "24": 2,
      "26": 1,
      "28": 2,
      "30": 1,
      "32": 223
    }
  },
  "150": {
    "source": "inphase-results.json",
    "ok": 150,
    "errors": 0,
    "strict_keep_up": false,
    "ttfs_p95_ms": 21481.353549053892,
    "processing_lag_p95_ms": 21640.39088599384,
    "send_overrun_p95_ms": 1.104117087088241,
    "send_overrun_max_ms": 1.2527930270884724,
    "chunk_late_p95_ms": 52.756589953787625,
    "chunk_late_max_ms": 55.78344198875129,
    "pacing_violations": 0,
    "batch_batches": 308,
    "batch_chunks": 9656,
    "avg_B_batched_ready_pass": 31.350649350649352,
    "batch_total_avg_ms": 26.4087987012987,
    "model_batch_avg_ms": 24.541201298701296,
    "batch_hist": {
      "8": 1,
      "10": 4,
      "14": 2,
      "18": 1,
      "20": 1,
      "24": 1,
      "26": 2,
      "28": 1,
      "30": 1,
      "32": 294
    },
    "full_32_batches": 294,
    "batches_ge_24": 299,
    "barrier_drained_chunks_B1": 2236,
    "barrier_drained_by_reason": {
      "vad_stop": 2236
    },
    "avg_B_including_barriers_as_B1": 4.6745283018867925,
    "hist_including_barriers_as_B1": {
      "1": 2236,
      "8": 1,
      "10": 4,
      "14": 2,
      "18": 1,
      "20": 1,
      "24": 1,
      "26": 2,
      "28": 1,
      "30": 1,
      "32": 294
    }
  },
  "180": {
    "source": "inphase-results.json",
    "ok": 141,
    "errors": 39,
    "strict_keep_up": false,
    "ttfs_p95_ms": 56520.19796008244,
    "processing_lag_p95_ms": 56666.359521099366,
    "send_overrun_p95_ms": 1.0953730391332073,
    "send_overrun_max_ms": 1.0953730391332073,
    "chunk_late_p95_ms": 59.72174589987844,
    "chunk_late_max_ms": 66.5404979372397,
    "pacing_violations": 0,
    "batch_batches": 223,
    "batch_chunks": 7134,
    "avg_B_batched_ready_pass": 31.99103139013453,
    "batch_total_avg_ms": 27.009596412556057,
    "model_batch_avg_ms": 24.931434977578476,
    "batch_hist": {
      "30": 1,
      "32": 222
    },
    "full_32_batches": 222,
    "batches_ge_24": 223,
    "barrier_drained_chunks_B1": 5822,
    "barrier_drained_by_reason": {
      "vad_stop": 5822
    },
    "avg_B_including_barriers_as_B1": 2.1432588916459885,
    "hist_including_barriers_as_B1": {
      "1": 5822,
      "30": 1,
      "32": 222
    }
  },
  "200": {
    "source": "inphase-results.json",
    "ok": 59,
    "errors": 141,
    "strict_keep_up": false,
    "ttfs_p95_ms": 61495.41996198241,
    "processing_lag_p95_ms": 61612.535813008435,
    "send_overrun_p95_ms": 0.6656989315523276,
    "send_overrun_max_ms": 1.5595649601891637,
    "chunk_late_p95_ms": 66.47590198554099,
    "chunk_late_max_ms": 68.49187694024295,
    "pacing_violations": 0,
    "batch_batches": 78,
    "batch_chunks": 2469,
    "avg_B_batched_ready_pass": 31.653846153846153,
    "batch_total_avg_ms": 25.035,
    "model_batch_avg_ms": 22.806538461538462,
    "batch_hist": {
      "21": 2,
      "27": 1,
      "32": 75
    },
    "full_32_batches": 75,
    "batches_ge_24": 76,
    "barrier_drained_chunks_B1": 6207,
    "barrier_drained_by_reason": {
      "vad_stop": 6207
    },
    "avg_B_including_barriers_as_B1": 1.3804295942720763,
    "hist_including_barriers_as_B1": {
      "1": 6207,
      "21": 2,
      "27": 1,
      "32": 75
    }
  },
  "120": {
    "source": "inphase-refine-results.json",
    "ok": 120,
    "errors": 0,
    "strict_keep_up": false,
    "ttfs_p95_ms": 2566.94992701523,
    "processing_lag_p95_ms": 2727.0930650411174,
    "send_overrun_p95_ms": 0.7952170399949665,
    "send_overrun_max_ms": 0.8641069848085436,
    "chunk_late_p95_ms": 40.76123714912683,
    "chunk_late_max_ms": 42.59812401141971,
    "pacing_violations": 0,
    "batch_batches": 375,
    "batch_chunks": 9200,
    "avg_B_batched_ready_pass": 24.533333333333335,
    "batch_total_avg_ms": 22.676213333333333,
    "model_batch_avg_ms": 21.22296,
    "batch_hist": {
      "1": 65,
      "8": 1,
      "10": 4,
      "14": 2,
      "18": 1,
      "20": 1,
      "23": 65,
      "24": 1,
      "26": 2,
      "28": 1,
      "30": 1,
      "32": 231
    },
    "full_32_batches": 231,
    "batches_ge_24": 236,
    "barrier_drained_chunks_B1": 452,
    "barrier_drained_by_reason": {
      "vad_stop": 452
    },
    "avg_B_including_barriers_as_B1": 11.671100362756953,
    "hist_including_barriers_as_B1": {
      "1": 517,
      "8": 1,
      "10": 4,
      "14": 2,
      "18": 1,
      "20": 1,
      "23": 65,
      "24": 1,
      "26": 2,
      "28": 1,
      "30": 1,
      "32": 231
    }
  },
  "130": {
    "source": "inphase-refine-results.json",
    "ok": 130,
    "errors": 0,
    "strict_keep_up": false,
    "ttfs_p95_ms": 12625.86700799875,
    "processing_lag_p95_ms": 12786.463962052949,
    "send_overrun_p95_ms": 0.47866308130295465,
    "send_overrun_max_ms": 0.6439120694992084,
    "chunk_late_p95_ms": 45.44678400270641,